{
  "Screens": [
    {
      "Controls": [
        {
          "AutomationProtocol": "uia3",
          "ScreenShot": null,
          "ElementTypeName": "Pane",
          "InstanceId": "7829985b-7bf7-4dc0-9d1b-cc648b224b49",
          "Name": "Pane 'BubbleFrameView'",
          "SelectorCount": 1,
          "Selectors": [
            {
              "CustomSelector": null,
              "Elements": [
                {
                  "Attributes": [
                    {
                      "Ignore": false,
                      "IsOrdinal": false,
                      "Name": "Class",
                      "Operation": "EqualTo",
                      "Value": "BrowserRootView"
                    },
                    {
                      "Ignore": true,
                      "IsOrdinal": false,
                      "Name": "Enabled",
                      "Operation": "EqualTo",
                      "Value": true
                    },
                    {
                      "Ignore": true,
                      "IsOrdinal": false,
                      "Name": "Id",
                      "Operation": "EqualTo",
                      "Value": ""
                    },
                    {
                      "Ignore": false,
                      "IsOrdinal": false,
                      "Name": "Name",
                      "Operation": "Contains",
                      "Value": "Microsoft Edge"
                    },
                    {
                      "Ignore": true,
                      "IsOrdinal": true,
                      "Name": "Ordinal",
                      "Operation": "EqualTo",
                      "Value": 0
                    },
                    {
                      "Ignore": true,
                      "IsOrdinal": false,
                      "Name": "Process",
                      "Operation": "EqualTo",
                      "Value": "msedge"
                    },
                    {
                      "Ignore": true,
                      "IsOrdinal": false,
                      "Name": "Visible",
                      "Operation": "EqualTo",
                      "Value": true
                    }
                  ],
                  "CustomValue": null,
                  "Ignore": false,
                  "Name": "Pane 'about:blank - Microsoft Edge'",
                  "Tag": "pane"
                },
                {
                  "Attributes": [
                    {
                      "Ignore": false,
                      "IsOrdinal": false,
                      "Name": "Class",
                      "Operation": "EqualTo",
                      "Value": "RootView"
                    },
                    {
                      "Ignore": true,
                      "IsOrdinal": false,
                      "Name": "Enabled",
                      "Operation": "EqualTo",
                      "Value": true
                    },
                    {
                      "Ignore": true,
                      "IsOrdinal": false,
                      "Name": "Id",
                      "Operation": "EqualTo",
                      "Value": ""
                    },
                    {
                      "Ignore": false,
                      "IsOrdinal": false,
                      "Name": "Name",
                      "Operation": "EqualTo",
                      "Value": "Select a certificate for authentication"
                    },
                    {
                      "Ignore": true,
                      "IsOrdinal": true,
                      "Name": "Ordinal",
                      "Operation": "EqualTo",
                      "Value": 0
                    },
                    {
                      "Ignore": true,
                      "IsOrdinal": false,
                      "Name": "Process",
                      "Operation": "EqualTo",
                      "Value": "msedge"
                    },
                    {
                      "Ignore": true,
                      "IsOrdinal": false,
                      "Name": "Visible",
                      "Operation": "EqualTo",
                      "Value": true
                    }
                  ],
                  "CustomValue": null,
                  "Ignore": false,
                  "Name": "Window 'Select a certificate for authentication'",
                  "Tag": "window"
                },
                {
                  "Attributes": [
                    {
                      "Ignore": false,
                      "IsOrdinal": false,
                      "Name": "Class",
                      "Operation": "EqualTo",
                      "Value": "NonClientView"
                    },
                    {
                      "Ignore": true,
                      "IsOrdinal": false,
                      "Name": "Enabled",
                      "Operation": "EqualTo",
                      "Value": true
                    },
                    {
                      "Ignore": true,
                      "IsOrdinal": false,
                      "Name": "Id",
                      "Operation": "EqualTo",
                      "Value": ""
                    },
                    {
                      "Ignore": true,
                      "IsOrdinal": false,
                      "Name": "Name",
                      "Operation": "EqualTo",
                      "Value": ""
                    },
                    {
                      "Ignore": true,
                      "IsOrdinal": true,
                      "Name": "Ordinal",
                      "Operation": "EqualTo",
                      "Value": 0
                    },
                    {
                      "Ignore": true,
                      "IsOrdinal": false,
                      "Name": "Process",
                      "Operation": "EqualTo",
                      "Value": "msedge"
                    },
                    {
                      "Ignore": true,
                      "IsOrdinal": false,
                      "Name": "Visible",
                      "Operation": "EqualTo",
                      "Value": true
                    }
                  ],
                  "CustomValue": null,
                  "Ignore": false,
                  "Name": "Pane 'NonClientView'",
                  "Tag": "pane"
                },
                {
                  "Attributes": [
                    {
                      "Ignore": false,
                      "IsOrdinal": false,
                      "Name": "Class",
                      "Operation": "EqualTo",
                      "Value": "BubbleFrameView"
                    },
                    {
                      "Ignore": true,
                      "IsOrdinal": false,
                      "Name": "Enabled",
                      "Operation": "EqualTo",
                      "Value": true
                    },
                    {
                      "Ignore": true,
                      "IsOrdinal": false,
                      "Name": "Id",
                      "Operation": "EqualTo",
                      "Value": ""
                    },
                    {
                      "Ignore": true,
                      "IsOrdinal": false,
                      "Name": "Name",
                      "Operation": "EqualTo",
                      "Value": ""
                    },
                    {
                      "Ignore": true,
                      "IsOrdinal": true,
                      "Name": "Ordinal",
                      "Operation": "EqualTo",
                      "Value": 0
                    },
                    {
                      "Ignore": true,
                      "IsOrdinal": false,
                      "Name": "Process",
                      "Operation": "EqualTo",
                      "Value": "msedge"
                    },
                    {
                      "Ignore": true,
                      "IsOrdinal": false,
                      "Name": "Visible",
                      "Operation": "EqualTo",
                      "Value": true
                    }
                  ],
                  "CustomValue": null,
                  "Ignore": false,
                  "Name": "Pane 'BubbleFrameView'",
                  "Tag": "pane"
                }
              ],
              "Ignore": false,
              "ImageSelector": null,
              "IsCustom": false,
              "IsImageBased": false,
              "IsWindowsInstance": false,
              "Name": "Default Selector",
              "Properties": []
            }
          ],
          "Tag": "pane",
          "ScreenshotPath": "controlRepo-screenshots\\70b9f510-879b-4e25-bbed-0e286d9f2658.png"
        },
        {
          "AutomationProtocol": "uia3",
          "ScreenShot": null,
          "ElementTypeName": "List",
          "InstanceId": "0973d22c-fdd7-4762-b4b9-3f730526cc9f",
          "Name": "List 'EY AI EBS  ...  Dev_1",
          "SelectorCount": 1,
          "Selectors": [
            {
              "CustomSelector": null,
              "Elements": [
                {
                  "Attributes": [
                    {
                      "Ignore": false,
                      "IsOrdinal": false,
                      "Name": "Class",
                      "Operation": "EqualTo",
                      "Value": "BrowserRootView"
                    },
                    {
                      "Ignore": true,
                      "IsOrdinal": false,
                      "Name": "Enabled",
                      "Operation": "EqualTo",
                      "Value": true
                    },
                    {
                      "Ignore": true,
                      "IsOrdinal": false,
                      "Name": "Id",
                      "Operation": "EqualTo",
                      "Value": ""
                    },
                    {
                      "Ignore": false,
                      "IsOrdinal": false,
                      "Name": "Name",
                      "Operation": "Contains",
                      "Value": "Microsoft Edge"
                    },
                    {
                      "Ignore": true,
                      "IsOrdinal": true,
                      "Name": "Ordinal",
                      "Operation": "EqualTo",
                      "Value": 0
                    },
                    {
                      "Ignore": true,
                      "IsOrdinal": false,
                      "Name": "Process",
                      "Operation": "EqualTo",
                      "Value": "msedge"
                    },
                    {
                      "Ignore": true,
                      "IsOrdinal": false,
                      "Name": "Visible",
                      "Operation": "EqualTo",
                      "Value": true
                    }
                  ],
                  "CustomValue": null,
                  "Ignore": false,
                  "Name": "Pane 'about:blank - Microsoft Edge'",
                  "Tag": "pane"
                },
                {
                  "Attributes": [
                    {
                      "Ignore": false,
                      "IsOrdinal": false,
                      "Name": "Class",
                      "Operation": "EqualTo",
                      "Value": "RootView"
                    },
                    {
                      "Ignore": true,
                      "IsOrdinal": false,
                      "Name": "Enabled",
                      "Operation": "EqualTo",
                      "Value": true
                    },
                    {
                      "Ignore": true,
                      "IsOrdinal": false,
                      "Name": "Id",
                      "Operation": "EqualTo",
                      "Value": ""
                    },
                    {
                      "Ignore": false,
                      "IsOrdinal": false,
                      "Name": "Name",
                      "Operation": "Contains",
                      "Value": "Select a certificate for authentication"
                    },
                    {
                      "Ignore": true,
                      "IsOrdinal": true,
                      "Name": "Ordinal",
                      "Operation": "EqualTo",
                      "Value": 0
                    },
                    {
                      "Ignore": true,
                      "IsOrdinal": false,
                      "Name": "Process",
                      "Operation": "EqualTo",
                      "Value": "msedge"
                    },
                    {
                      "Ignore": true,
                      "IsOrdinal": false,
                      "Name": "Visible",
                      "Operation": "EqualTo",
                      "Value": true
                    }
                  ],
                  "CustomValue": null,
                  "Ignore": false,
                  "Name": "Window 'Select a certificate for authentication'",
                  "Tag": "window"
                },
                {
                  "Attributes": [
                    {
                      "Ignore": false,
                      "IsOrdinal": false,
                      "Name": "Class",
                      "Operation": "EqualTo",
                      "Value": "NonClientView"
                    },
                    {
                      "Ignore": true,
                      "IsOrdinal": false,
                      "Name": "Enabled",
                      "Operation": "EqualTo",
                      "Value": true
                    },
                    {
                      "Ignore": true,
                      "IsOrdinal": false,
                      "Name": "Id",
                      "Operation": "EqualTo",
                      "Value": ""
                    },
                    {
                      "Ignore": true,
                      "IsOrdinal": false,
                      "Name": "Name",
                      "Operation": "EqualTo",
                      "Value": ""
                    },
                    {
                      "Ignore": true,
                      "IsOrdinal": true,
                      "Name": "Ordinal",
                      "Operation": "EqualTo",
                      "Value": 0
                    },
                    {
                      "Ignore": true,
                      "IsOrdinal": false,
                      "Name": "Process",
                      "Operation": "EqualTo",
                      "Value": "msedge"
                    },
                    {
                      "Ignore": true,
                      "IsOrdinal": false,
                      "Name": "Visible",
                      "Operation": "EqualTo",
                      "Value": true
                    }
                  ],
                  "CustomValue": null,
                  "Ignore": false,
                  "Name": "Pane 'NonClientView'",
                  "Tag": "pane"
                },
                {
                  "Attributes": [
                    {
                      "Ignore": false,
                      "IsOrdinal": false,
                      "Name": "Class",
                      "Operation": "EqualTo",
                      "Value": "BubbleFrameView"
                    },
                    {
                      "Ignore": true,
                      "IsOrdinal": false,
                      "Name": "Enabled",
                      "Operation": "EqualTo",
                      "Value": true
                    },
                    {
                      "Ignore": true,
                      "IsOrdinal": false,
                      "Name": "Id",
                      "Operation": "EqualTo",
                      "Value": ""
                    },
                    {
                      "Ignore": true,
                      "IsOrdinal": false,
                      "Name": "Name",
                      "Operation": "EqualTo",
                      "Value": ""
                    },
                    {
                      "Ignore": true,
                      "IsOrdinal": true,
                      "Name": "Ordinal",
                      "Operation": "EqualTo",
                      "Value": 0
                    },
                    {
                      "Ignore": true,
                      "IsOrdinal": false,
                      "Name": "Process",
                      "Operation": "EqualTo",
                      "Value": "msedge"
                    },
                    {
                      "Ignore": true,
                      "IsOrdinal": false,
                      "Name": "Visible",
                      "Operation": "EqualTo",
                      "Value": true
                    }
                  ],
                  "CustomValue": null,
                  "Ignore": false,
                  "Name": "Pane 'BubbleFrameView'",
                  "Tag": "pane"
                },
                {
                  "Attributes": [
                    {
                      "Ignore": false,
                      "IsOrdinal": false,
                      "Name": "Class",
                      "Operation": "EqualTo",
                      "Value": "DialogClientView"
                    },
                    {
                      "Ignore": true,
                      "IsOrdinal": false,
                      "Name": "Enabled",
                      "Operation": "EqualTo",
                      "Value": true
                    },
                    {
                      "Ignore": true,
                      "IsOrdinal": false,
                      "Name": "Id",
                      "Operation": "EqualTo",
                      "Value": ""
                    },
                    {
                      "Ignore": true,
                      "IsOrdinal": false,
                      "Name": "Name",
                      "Operation": "EqualTo",
                      "Value": ""
                    },
                    {
                      "Ignore": true,
                      "IsOrdinal": true,
                      "Name": "Ordinal",
                      "Operation": "EqualTo",
                      "Value": 0
                    },
                    {
                      "Ignore": true,
                      "IsOrdinal": false,
                      "Name": "Process",
                      "Operation": "EqualTo",
                      "Value": "msedge"
                    },
                    {
                      "Ignore": true,
                      "IsOrdinal": false,
                      "Name": "Visible",
                      "Operation": "EqualTo",
                      "Value": true
                    }
                  ],
                  "CustomValue": null,
                  "Ignore": false,
                  "Name": "Pane 'DialogClientView'",
                  "Tag": "pane"
                },
                {
                  "Attributes": [
                    {
                      "Ignore": false,
                      "IsOrdinal": false,
                      "Name": "Class",
                      "Operation": "EqualTo",
                      "Value": "DialogDelegateView"
                    },
                    {
                      "Ignore": true,
                      "IsOrdinal": false,
                      "Name": "Enabled",
                      "Operation": "EqualTo",
                      "Value": true
                    },
                    {
                      "Ignore": true,
                      "IsOrdinal": false,
                      "Name": "Id",
                      "Operation": "EqualTo",
                      "Value": ""
                    },
                    {
                      "Ignore": true,
                      "IsOrdinal": false,
                      "Name": "Name",
                      "Operation": "EqualTo",
                      "Value": ""
                    },
                    {
                      "Ignore": true,
                      "IsOrdinal": true,
                      "Name": "Ordinal",
                      "Operation": "EqualTo",
                      "Value": 0
                    },
                    {
                      "Ignore": true,
                      "IsOrdinal": false,
                      "Name": "Process",
                      "Operation": "EqualTo",
                      "Value": "msedge"
                    },
                    {
                      "Ignore": true,
                      "IsOrdinal": false,
                      "Name": "Visible",
                      "Operation": "EqualTo",
                      "Value": true
                    }
                  ],
                  "CustomValue": null,
                  "Ignore": false,
                  "Name": "Pane 'DialogDelegateView'",
                  "Tag": "pane"
                },
                {
                  "Attributes": [
                    {
                      "Ignore": false,
                      "IsOrdinal": false,
                      "Name": "Class",
                      "Operation": "EqualTo",
                      "Value": "ScrollView"
                    },
                    {
                      "Ignore": true,
                      "IsOrdinal": false,
                      "Name": "Enabled",
                      "Operation": "EqualTo",
                      "Value": true
                    },
                    {
                      "Ignore": true,
                      "IsOrdinal": false,
                      "Name": "Id",
                      "Operation": "EqualTo",
                      "Value": ""
                    },
                    {
                      "Ignore": true,
                      "IsOrdinal": false,
                      "Name": "Name",
                      "Operation": "EqualTo",
                      "Value": ""
                    },
                    {
                      "Ignore": true,
                      "IsOrdinal": true,
                      "Name": "Ordinal",
                      "Operation": "EqualTo",
                      "Value": 0
                    },
                    {
                      "Ignore": true,
                      "IsOrdinal": false,
                      "Name": "Process",
                      "Operation": "EqualTo",
                      "Value": "msedge"
                    },
                    {
                      "Ignore": true,
                      "IsOrdinal": false,
                      "Name": "Visible",
                      "Operation": "EqualTo",
                      "Value": true
                    }
                  ],
                  "CustomValue": null,
                  "Ignore": false,
                  "Name": "Pane 'ScrollView'",
                  "Tag": "pane"
                },
                {
                  "Attributes": [
                    {
                      "Ignore": false,
                      "IsOrdinal": false,
                      "Name": "Class",
                      "Operation": "EqualTo",
                      "Value": "ScrollView::Viewport"
                    },
                    {
                      "Ignore": true,
                      "IsOrdinal": false,
                      "Name": "Enabled",
                      "Operation": "EqualTo",
                      "Value": true
                    },
                    {
                      "Ignore": true,
                      "IsOrdinal": false,
                      "Name": "Id",
                      "Operation": "EqualTo",
                      "Value": ""
                    },
                    {
                      "Ignore": true,
                      "IsOrdinal": false,
                      "Name": "Name",
                      "Operation": "EqualTo",
                      "Value": ""
                    },
                    {
                      "Ignore": false,
                      "IsOrdinal": true,
                      "Name": "Ordinal",
                      "Operation": "EqualTo",
                      "Value": 1
                    },
                    {
                      "Ignore": true,
                      "IsOrdinal": false,
                      "Name": "Process",
                      "Operation": "EqualTo",
                      "Value": "msedge"
                    },
                    {
                      "Ignore": true,
                      "IsOrdinal": false,
                      "Name": "Visible",
                      "Operation": "EqualTo",
                      "Value": true
                    }
                  ],
                  "CustomValue": null,
                  "Ignore": false,
                  "Name": "Pane 'ScrollView::Viewport'",
                  "Tag": "pane"
                },
                {
                  "Attributes": [
                    {
                      "Ignore": false,
                      "IsOrdinal": false,
                      "Name": "Class",
                      "Operation": "EqualTo",
                      "Value": "View"
                    },
                    {
                      "Ignore": true,
                      "IsOrdinal": false,
                      "Name": "Enabled",
                      "Operation": "EqualTo",
                      "Value": true
                    },
                    {
                      "Ignore": true,
                      "IsOrdinal": false,
                      "Name": "Id",
                      "Operation": "EqualTo",
                      "Value": ""
                    },
                    {
                      "Ignore": false,
                      "IsOrdinal": false,
                      "Name": "Name",
                      "Operation": "Contains",
                      "Value": "Select from a list of certificates"
                    },
                    {
                      "Ignore": true,
                      "IsOrdinal": true,
                      "Name": "Ordinal",
                      "Operation": "EqualTo",
                      "Value": 0
                    },
                    {
                      "Ignore": true,
                      "IsOrdinal": false,
                      "Name": "Visible",
                      "Operation": "EqualTo",
                      "Value": true
                    }
                  ],
                  "CustomValue": null,
                  "Ignore": false,
                  "Name": "Table 'Select from a list of certificates'",
                  "Tag": "table"
                },
                {
                  "Attributes": [
                    {
                      "Ignore": false,
                      "IsOrdinal": false,
                      "Name": "Class",
                      "Operation": "EqualTo",
                      "Value": "EdgeCertPickerRow"
                    },
                    {
                      "Ignore": true,
                      "IsOrdinal": false,
                      "Name": "Enabled",
                      "Operation": "EqualTo",
                      "Value": true
                    },
                    {
                      "Ignore": true,
                      "IsOrdinal": false,
                      "Name": "Id",
                      "Operation": "EqualTo",
                      "Value": ""
                    },
                    {
                      "Ignore": false,
                      "IsOrdinal": false,
                      "Name": "Name",
                      "Operation": "Contains",
                      "Value": "EY AI EBS"
                    },
                    {
                      "Ignore": true,
                      "IsOrdinal": true,
                      "Name": "Ordinal",
                      "Operation": "EqualTo",
                      "Value": 0
                    },
                    {
                      "Ignore": true,
                      "IsOrdinal": false,
                      "Name": "Visible",
                      "Operation": "EqualTo",
                      "Value": true
                    }
                  ],
                  "CustomValue": null,
                  "Ignore": false,
                  "Name": "List 'EY AI EBS Secure Docs Dev, EBS OT Dev, EY AI EBS Secure Docs Dev_1, , 5/7/2025'",
                  "Tag": "list"
                }
              ],
              "Ignore": false,
              "ImageSelector": null,
              "IsCustom": false,
              "IsImageBased": false,
              "IsWindowsInstance": false,
              "Name": "Default Selector",
              "Properties": []
            }
          ],
          "Tag": "list",
          "ScreenshotPath": "controlRepo-screenshots\\425c56b0-54be-4071-8deb-5250236b844d.png"
        },
        {
          "AutomationProtocol": "uia3",
          "ScreenShot": null,
          "ElementTypeName": "Button",
          "InstanceId": "896a1285-ee62-4ee9-a3d7-25429bf91072",
          "Name": "Button 'OK'",
          "SelectorCount": 1,
          "Selectors": [
            {
              "CustomSelector": null,
              "Elements": [
                {
                  "Attributes": [
                    {
                      "Ignore": false,
                      "IsOrdinal": false,
                      "Name": "Class",
                      "Operation": "EqualTo",
                      "Value": "BrowserRootView"
                    },
                    {
                      "Ignore": true,
                      "IsOrdinal": false,
                      "Name": "Enabled",
                      "Operation": "EqualTo",
                      "Value": true
                    },
                    {
                      "Ignore": true,
                      "IsOrdinal": false,
                      "Name": "Id",
                      "Operation": "EqualTo",
                      "Value": ""
                    },
                    {
                      "Ignore": false,
                      "IsOrdinal": false,
                      "Name": "Name",
                      "Operation": "Contains",
                      "Value": "Microsoft Edge"
                    },
                    {
                      "Ignore": true,
                      "IsOrdinal": true,
                      "Name": "Ordinal",
                      "Operation": "EqualTo",
                      "Value": 0
                    },
                    {
                      "Ignore": true,
                      "IsOrdinal": false,
                      "Name": "Process",
                      "Operation": "EqualTo",
                      "Value": "msedge"
                    },
                    {
                      "Ignore": true,
                      "IsOrdinal": false,
                      "Name": "Visible",
                      "Operation": "EqualTo",
                      "Value": true
                    }
                  ],
                  "CustomValue": null,
                  "Ignore": false,
                  "Name": "Pane 'about:blank - Microsoft Edge'",
                  "Tag": "pane"
                },
                {
                  "Attributes": [
                    {
                      "Ignore": false,
                      "IsOrdinal": false,
                      "Name": "Class",
                      "Operation": "EqualTo",
                      "Value": "RootView"
                    },
                    {
                      "Ignore": true,
                      "IsOrdinal": false,
                      "Name": "Enabled",
                      "Operation": "EqualTo",
                      "Value": true
                    },
                    {
                      "Ignore": true,
                      "IsOrdinal": false,
                      "Name": "Id",
                      "Operation": "EqualTo",
                      "Value": ""
                    },
                    {
                      "Ignore": false,
                      "IsOrdinal": false,
                      "Name": "Name",
                      "Operation": "Contains",
                      "Value": "Select a certificate for authentication"
                    },
                    {
                      "Ignore": true,
                      "IsOrdinal": true,
                      "Name": "Ordinal",
                      "Operation": "EqualTo",
                      "Value": 0
                    },
                    {
                      "Ignore": true,
                      "IsOrdinal": false,
                      "Name": "Process",
                      "Operation": "EqualTo",
                      "Value": "msedge"
                    },
                    {
                      "Ignore": true,
                      "IsOrdinal": false,
                      "Name": "Visible",
                      "Operation": "EqualTo",
                      "Value": true
                    }
                  ],
                  "CustomValue": null,
                  "Ignore": false,
                  "Name": "Window 'Select a certificate for authentication'",
                  "Tag": "window"
                },
                {
                  "Attributes": [
                    {
                      "Ignore": false,
                      "IsOrdinal": false,
                      "Name": "Class",
                      "Operation": "EqualTo",
                      "Value": "NonClientView"
                    },
                    {
                      "Ignore": true,
                      "IsOrdinal": false,
                      "Name": "Enabled",
                      "Operation": "EqualTo",
                      "Value": true
                    },
                    {
                      "Ignore": true,
                      "IsOrdinal": false,
                      "Name": "Id",
                      "Operation": "EqualTo",
                      "Value": ""
                    },
                    {
                      "Ignore": true,
                      "IsOrdinal": false,
                      "Name": "Name",
                      "Operation": "EqualTo",
                      "Value": ""
                    },
                    {
                      "Ignore": true,
                      "IsOrdinal": true,
                      "Name": "Ordinal",
                      "Operation": "EqualTo",
                      "Value": 0
                    },
                    {
                      "Ignore": true,
                      "IsOrdinal": false,
                      "Name": "Process",
                      "Operation": "EqualTo",
                      "Value": "msedge"
                    },
                    {
                      "Ignore": true,
                      "IsOrdinal": false,
                      "Name": "Visible",
                      "Operation": "EqualTo",
                      "Value": true
                    }
                  ],
                  "CustomValue": null,
                  "Ignore": false,
                  "Name": "Pane 'NonClientView'",
                  "Tag": "pane"
                },
                {
                  "Attributes": [
                    {
                      "Ignore": false,
                      "IsOrdinal": false,
                      "Name": "Class",
                      "Operation": "EqualTo",
                      "Value": "BubbleFrameView"
                    },
                    {
                      "Ignore": true,
                      "IsOrdinal": false,
                      "Name": "Enabled",
                      "Operation": "EqualTo",
                      "Value": true
                    },
                    {
                      "Ignore": true,
                      "IsOrdinal": false,
                      "Name": "Id",
                      "Operation": "EqualTo",
                      "Value": ""
                    },
                    {
                      "Ignore": true,
                      "IsOrdinal": false,
                      "Name": "Name",
                      "Operation": "EqualTo",
                      "Value": ""
                    },
                    {
                      "Ignore": true,
                      "IsOrdinal": true,
                      "Name": "Ordinal",
                      "Operation": "EqualTo",
                      "Value": 0
                    },
                    {
                      "Ignore": true,
                      "IsOrdinal": false,
                      "Name": "Process",
                      "Operation": "EqualTo",
                      "Value": "msedge"
                    },
                    {
                      "Ignore": true,
                      "IsOrdinal": false,
                      "Name": "Visible",
                      "Operation": "EqualTo",
                      "Value": true
                    }
                  ],
                  "CustomValue": null,
                  "Ignore": false,
                  "Name": "Pane 'BubbleFrameView'",
                  "Tag": "pane"
                },
                {
                  "Attributes": [
                    {
                      "Ignore": false,
                      "IsOrdinal": false,
                      "Name": "Class",
                      "Operation": "EqualTo",
                      "Value": "DialogClientView"
                    },
                    {
                      "Ignore": true,
                      "IsOrdinal": false,
                      "Name": "Enabled",
                      "Operation": "EqualTo",
                      "Value": true
                    },
                    {
                      "Ignore": true,
                      "IsOrdinal": false,
                      "Name": "Id",
                      "Operation": "EqualTo",
                      "Value": ""
                    },
                    {
                      "Ignore": true,
                      "IsOrdinal": false,
                      "Name": "Name",
                      "Operation": "EqualTo",
                      "Value": ""
                    },
                    {
                      "Ignore": true,
                      "IsOrdinal": true,
                      "Name": "Ordinal",
                      "Operation": "EqualTo",
                      "Value": 0
                    },
                    {
                      "Ignore": true,
                      "IsOrdinal": false,
                      "Name": "Process",
                      "Operation": "EqualTo",
                      "Value": "msedge"
                    },
                    {
                      "Ignore": true,
                      "IsOrdinal": false,
                      "Name": "Visible",
                      "Operation": "EqualTo",
                      "Value": true
                    }
                  ],
                  "CustomValue": null,
                  "Ignore": false,
                  "Name": "Pane 'DialogClientView'",
                  "Tag": "pane"
                },
                {
                  "Attributes": [
                    {
                      "Ignore": false,
                      "IsOrdinal": false,
                      "Name": "Class",
                      "Operation": "EqualTo",
                      "Value": "MdTextButton"
                    },
                    {
                      "Ignore": true,
                      "IsOrdinal": false,
                      "Name": "Enabled",
                      "Operation": "EqualTo",
                      "Value": true
                    },
                    {
                      "Ignore": true,
                      "IsOrdinal": false,
                      "Name": "Id",
                      "Operation": "EqualTo",
                      "Value": ""
                    },
                    {
                      "Ignore": true,
                      "IsOrdinal": false,
                      "Name": "IsDefault",
                      "Operation": "EqualTo",
                      "Value": false
                    },
                    {
                      "Ignore": false,
                      "IsOrdinal": false,
                      "Name": "Name",
                      "Operation": "Contains",
                      "Value": "OK"
                    },
                    {
                      "Ignore": true,
                      "IsOrdinal": true,
                      "Name": "Ordinal",
                      "Operation": "EqualTo",
                      "Value": 0
                    },
                    {
                      "Ignore": true,
                      "IsOrdinal": false,
                      "Name": "Visible",
                      "Operation": "EqualTo",
                      "Value": true
                    }
                  ],
                  "CustomValue": null,
                  "Ignore": false,
                  "Name": "Button 'OK'",
                  "Tag": "button"
                }
              ],
              "Ignore": false,
              "ImageSelector": null,
              "IsCustom": false,
              "IsImageBased": false,
              "IsWindowsInstance": false,
              "Name": "Default Selector",
              "Properties": []
            }
          ],
          "Tag": "button",
          "ScreenshotPath": "controlRepo-screenshots\\e29780c0-62bf-4f2e-b9b2-77b3dcdbf4cd.png"
        }
      ],
      "Handle": {
        "value": 0
      },
      "ProcessName": null,
      "ScreenShot": null,
      "ElementTypeName": "Window",
      "InstanceId": "4003b73d-ac94-48be-be9c-3644bc8e532a",
      "Name": "Window 'about:blank - Work - Microsoft​ Edge'",
      "SelectorCount": 1,
      "Selectors": [
        {
          "CustomSelector": null,
          "Elements": [
            {
              "Attributes": [
                {
                  "Ignore": true,
                  "IsOrdinal": false,
                  "Name": "Class",
                  "Operation": "EqualTo",
                  "Value": "Chrome_WidgetWin_1"
                },
                {
                  "Ignore": true,
                  "IsOrdinal": false,
                  "Name": "Enabled",
                  "Operation": "EqualTo",
                  "Value": true
                },
                {
                  "Ignore": true,
                  "IsOrdinal": false,
                  "Name": "Id",
                  "Operation": "EqualTo",
                  "Value": ""
                },
                {
                  "Ignore": false,
                  "IsOrdinal": false,
                  "Name": "Name",
                  "Operation": "Contains",
                  "Value": "Microsoft​ Edge"
                },
                {
                  "Ignore": true,
                  "IsOrdinal": true,
                  "Name": "Ordinal",
                  "Operation": "EqualTo",
                  "Value": 0
                },
                {
                  "Ignore": false,
                  "IsOrdinal": false,
                  "Name": "Process",
                  "Operation": "EqualTo",
                  "Value": "msedge"
                },
                {
                  "Ignore": true,
                  "IsOrdinal": false,
                  "Name": "Visible",
                  "Operation": "EqualTo",
                  "Value": true
                }
              ],
              "CustomValue": null,
              "Ignore": false,
              "Name": "Window 'about:blank - Work - Microsoft​ Edge'",
              "Tag": "window"
            }
          ],
          "Ignore": false,
          "ImageSelector": null,
          "IsCustom": false,
          "IsImageBased": false,
          "IsWindowsInstance": false,
          "Name": "Default Selector",
          "Properties": []
        }
      ],
      "Tag": "window",
      "ScreenshotPath": "controlRepo-screenshots\\b510193e-b0a2-4485-8b87-25f32f6336a6.png"
    }
  ],
  "Version": 1
}