<desktopflowbinary desktopflowbinaryid="11da3c73-3232-f011-8c4d-001dd80d56c8">
  <data mimetype="application/json">ConnectorDefinition_c38bccae-934d-474c-bf47-cf2bf6bd3de7.json</data>
  <iscustomizable>1</iscustomizable>
  <name>Desktop flow connector definition</name>
  <process>
    <workflowid>c5d93c73-3232-f011-8c4d-001dd80d56c8</workflowid>
  </process>
  <reference>/providers/Microsoft.PowerApps/apis/shared_sharepointonline</reference>
  <statecode>0</statecode>
  <statuscode>1</statuscode>
  <type>ConnectorDefinition</type>
</desktopflowbinary>