<environmentvariabledefinition schemaname="iancdot_CPIDP_DBE_Table_DAX_Query">
  <defaultvalue>DEFINE     VAR __DS0FilterTable =         TREATAS({"%ClaimID%"}, 'SUB_CONTRACTOR_PAYMENT_MODEL'[Claim ID])     VAR __DS0Core =         SUMMARIZECOLUMNS(             'SUB_CONTRACTOR_PAYMENT_MODEL'[Claim ID],             'SUB_CONTRACTOR_PAYMENT_MODEL'[Payment Date],             'SUB_CONTRACTOR_PAYMENT_MODEL'[SUBCONTRACTOR_NAME],             'SUB_CONTRACTOR_PAYMENT_MODEL'[SUPPLIER_NAME],             'SUB_CONTRACTOR_PAYMENT_MODEL'[Supplier Number],             __DS0FilterTable,             "Amount", 'SUB_CONTRACTOR_PAYMENT_MODEL'[Amount]         )     VAR __DS0PrimaryWindowed =         TOPN(             502,             __DS0Core,             'SUB_CONTRACTOR_PAYMENT_MODEL'[Claim ID],             1,             'SUB_CONTRACTOR_PAYMENT_MODEL'[Payment Date],             1,             'SUB_CONTRACTOR_PAYMENT_MODEL'[SUBCONTRACTOR_NAME],             1,             'SUB_CONTRACTOR_PAYMENT_MODEL'[SUPPLIER_NAME],             1,             'SUB_CONTRACTOR_PAYMENT_MODEL'[Supplier Number],             1         ) EVALUATE     __DS0PrimaryWindowed ORDER BY     'SUB_CONTRACTOR_PAYMENT_MODEL'[Claim ID],     'SUB_CONTRACTOR_PAYMENT_MODEL'[Payment Date],     'SUB_CONTRACTOR_PAYMENT_MODEL'[SUBCONTRACTOR_NAME],     'SUB_CONTRACTOR_PAYMENT_MODEL'[SUPPLIER_NAME],     'SUB_CONTRACTOR_PAYMENT_MODEL'[Supplier Number]</defaultvalue>
  <displayname default="CPIDP_DBE_Table_DAX_Query">
    <label description="CPIDP_DBE_Table_DAX_Query" languagecode="1033" />
  </displayname>
  <introducedversion>1.0.0.0</introducedversion>
  <iscustomizable>1</iscustomizable>
  <isrequired>0</isrequired>
  <secretstore>0</secretstore>
  <type>100000000</type>
</environmentvariabledefinition>