<environmentvariabledefinition schemaname="iancdot_CPIDP_AzureDIEndPoint">
  <defaultvalue>https://di-uc2-imd-claims-idp-dev.cognitiveservices.azure.com</defaultvalue>
  <displayname default="CPIDP_AzureDIEndPoint">
    <label description="CPIDP_AzureDIEndPoint" languagecode="1033" />
  </displayname>
  <introducedversion>1.0.0.0</introducedversion>
  <iscustomizable>1</iscustomizable>
  <isrequired>0</isrequired>
  <secretstore>0</secretstore>
  <type>100000000</type>
</environmentvariabledefinition>