<desktopflowbinary desktopflowbinaryid="6aa8df1b-f350-ef11-a317-001dd8021e69">
  <data mimetype="application/json">ManifestFile_6aa8df1b-f350-ef11-a317-001dd8021e69.json</data>
  <iscustomizable>1</iscustomizable>
  <name>Desktop flow manifest file</name>
  <process>
    <workflowid>56a8df1b-f350-ef11-a317-001dd8021e69</workflowid>
  </process>
  <reference>flow.manifest</reference>
  <statecode>0</statecode>
  <statuscode>1</statuscode>
  <type>ManifestFile</type>
</desktopflowbinary>