<ImportExportXml version="9.2.25044.210" SolutionPackageVersion="9.2" languagecode="1033" generatedBy="CrmLive" xmlns:xsi="http://www.w3.org/2001/XMLSchema-instance" OrganizationVersion="9.2.25044.210" OrganizationSchemaType="Full" CRMServerServiceabilityVersion="9.2.25044.00210">
  <SolutionManifest>
    <UniqueName>IADOT0002ClaimsProcessingIDP</UniqueName>
    <LocalizedNames>
      <LocalizedName description="IA.DOT.0002 – Claims Processing IDP" languagecode="1033" />
    </LocalizedNames>
    <Descriptions />
    <Version>1.0.0.12</Version>
    <Managed>0</Managed>
    <Publisher>
      <UniqueName>IADOT0002_ClaimsProcessingIDP</UniqueName>
      <LocalizedNames>
        <LocalizedName description="ClaimsProcessingIDPPublisher" languagecode="1033" />
      </LocalizedNames>
      <Descriptions />
      <EMailAddress xsi:nil="true"></EMailAddress>
      <SupportingWebsiteUrl xsi:nil="true"></SupportingWebsiteUrl>
      <CustomizationPrefix>iancdot</CustomizationPrefix>
      <CustomizationOptionValuePrefix>74692</CustomizationOptionValuePrefix>
      <Addresses>
        <Address>
          <AddressNumber>1</AddressNumber>
          <AddressTypeCode>1</AddressTypeCode>
          <City xsi:nil="true"></City>
          <County xsi:nil="true"></County>
          <Country xsi:nil="true"></Country>
          <Fax xsi:nil="true"></Fax>
          <FreightTermsCode xsi:nil="true"></FreightTermsCode>
          <ImportSequenceNumber xsi:nil="true"></ImportSequenceNumber>
          <Latitude xsi:nil="true"></Latitude>
          <Line1 xsi:nil="true"></Line1>
          <Line2 xsi:nil="true"></Line2>
          <Line3 xsi:nil="true"></Line3>
          <Longitude xsi:nil="true"></Longitude>
          <Name xsi:nil="true"></Name>
          <PostalCode xsi:nil="true"></PostalCode>
          <PostOfficeBox xsi:nil="true"></PostOfficeBox>
          <PrimaryContactName xsi:nil="true"></PrimaryContactName>
          <ShippingMethodCode>1</ShippingMethodCode>
          <StateOrProvince xsi:nil="true"></StateOrProvince>
          <Telephone1 xsi:nil="true"></Telephone1>
          <Telephone2 xsi:nil="true"></Telephone2>
          <Telephone3 xsi:nil="true"></Telephone3>
          <TimeZoneRuleVersionNumber xsi:nil="true"></TimeZoneRuleVersionNumber>
          <UPSZone xsi:nil="true"></UPSZone>
          <UTCOffset xsi:nil="true"></UTCOffset>
          <UTCConversionTimeZoneCode xsi:nil="true"></UTCConversionTimeZoneCode>
        </Address>
        <Address>
          <AddressNumber>2</AddressNumber>
          <AddressTypeCode>1</AddressTypeCode>
          <City xsi:nil="true"></City>
          <County xsi:nil="true"></County>
          <Country xsi:nil="true"></Country>
          <Fax xsi:nil="true"></Fax>
          <FreightTermsCode xsi:nil="true"></FreightTermsCode>
          <ImportSequenceNumber xsi:nil="true"></ImportSequenceNumber>
          <Latitude xsi:nil="true"></Latitude>
          <Line1 xsi:nil="true"></Line1>
          <Line2 xsi:nil="true"></Line2>
          <Line3 xsi:nil="true"></Line3>
          <Longitude xsi:nil="true"></Longitude>
          <Name xsi:nil="true"></Name>
          <PostalCode xsi:nil="true"></PostalCode>
          <PostOfficeBox xsi:nil="true"></PostOfficeBox>
          <PrimaryContactName xsi:nil="true"></PrimaryContactName>
          <ShippingMethodCode>1</ShippingMethodCode>
          <StateOrProvince xsi:nil="true"></StateOrProvince>
          <Telephone1 xsi:nil="true"></Telephone1>
          <Telephone2 xsi:nil="true"></Telephone2>
          <Telephone3 xsi:nil="true"></Telephone3>
          <TimeZoneRuleVersionNumber xsi:nil="true"></TimeZoneRuleVersionNumber>
          <UPSZone xsi:nil="true"></UPSZone>
          <UTCOffset xsi:nil="true"></UTCOffset>
          <UTCConversionTimeZoneCode xsi:nil="true"></UTCConversionTimeZoneCode>
        </Address>
      </Addresses>
    </Publisher>
    <RootComponents>
      <RootComponent type="29" id="{0c702bf5-23dc-4971-802f-c6d99973aa3a}" behavior="0" />
      <RootComponent type="29" id="{23ae8936-8449-ef11-a316-001dd8024dff}" behavior="0" />
      <RootComponent type="29" id="{27165c9a-b149-ef11-a316-001dd8021e69}" behavior="0" />
      <RootComponent type="29" id="{31a9ff88-5543-ef11-8409-001dd8024dff}" behavior="0" />
      <RootComponent type="29" id="{349aaf88-5148-ef11-a316-001dd8021e69}" behavior="0" />
      <RootComponent type="29" id="{4dc66ea4-944d-ef11-a317-001dd8021e69}" behavior="0" />
      <RootComponent type="29" id="{56a8df1b-f350-ef11-a317-001dd8021e69}" behavior="0" />
      <RootComponent type="29" id="{5ab88217-2156-ef11-a317-001dd8021e69}" behavior="0" />
      <RootComponent type="29" id="{5b3b98df-e650-ef11-a317-001dd8021e69}" behavior="0" />
      <RootComponent type="29" id="{698de1ca-1a49-ef11-a316-001dd8021e69}" behavior="0" />
      <RootComponent type="29" id="{7c0de209-f7bd-ef11-b8e9-001dd8024dff}" behavior="0" />
      <RootComponent type="29" id="{7d912e06-7a4a-ef11-a316-001dd8024dff}" behavior="0" />
      <RootComponent type="29" id="{7e7a0c1f-3c56-ef11-a317-001dd8021e69}" behavior="0" />
      <RootComponent type="29" id="{bb02c8b4-1348-ef11-a316-001dd8024dff}" behavior="0" />
      <RootComponent type="29" id="{c2e33f1a-a063-ef11-bfe3-001dd80b01ad}" behavior="0" />
      <RootComponent type="29" id="{c5d93c73-3232-f011-8c4d-001dd80d56c8}" behavior="0" />
      <RootComponent type="29" id="{d7d27990-0f68-445b-a9fb-f7bedbcb6f56}" behavior="0" />
      <RootComponent type="29" id="{f1618887-a349-ef11-a316-001dd8024dff}" behavior="0" />
    </RootComponents>
    <MissingDependencies>
      <MissingDependency>
        <Required type="1" schemaName="environmentvariablevalue" displayName="Environment Variable Value" solution="EnvironmentVariables (1.0.2406.4)">
          <package appName="EnvironmentVariables" version="1.0.2406.4">EnvironmentVariablesSolutionAnchor (1.0.2406.4)</package>
        </Required>
        <Dependent type="29" displayName="IA.002 Claims Processing Performer" id="{4dc66ea4-944d-ef11-a317-001dd8021e69}" />
      </MissingDependency>
      <MissingDependency>
        <Required type="1" schemaName="environmentvariablevalue" displayName="Environment Variable Value" solution="EnvironmentVariables (1.0.2406.4)">
          <package appName="EnvironmentVariables" version="1.0.2406.4">EnvironmentVariablesSolutionAnchor (1.0.2406.4)</package>
        </Required>
        <Dependent type="29" displayName="IA.DOT.IMD.0002 – Claims Processing IDP - Performer" id="{5ab88217-2156-ef11-a317-001dd8021e69}" />
      </MissingDependency>
      <MissingDependency>
        <Required type="1" schemaName="environmentvariablevalue" displayName="Environment Variable Value" solution="EnvironmentVariables (1.0.2406.4)">
          <package appName="EnvironmentVariables" version="1.0.2406.4">EnvironmentVariablesSolutionAnchor (1.0.2406.4)</package>
        </Required>
        <Dependent type="29" displayName="Copy of - IA.DOT.IMD.0002 – Claims Processing IDP - Performer 19122024" id="{7c0de209-f7bd-ef11-b8e9-001dd8024dff}" />
      </MissingDependency>
      <MissingDependency>
        <Required type="1" schemaName="workqueue" displayName="Work Queue" solution="MicrosoftFlowExtensionsCore (1.9.9.0)">
          <package appName="MicrosoftFlowExtensionsCore" version="1.9.9.0">MicrosoftFlowExtensionsAnchor (1.9.9.0)</package>
        </Required>
        <Dependent type="29" displayName="IA.002 Claims Processing Performer" id="{4dc66ea4-944d-ef11-a317-001dd8021e69}" />
      </MissingDependency>
      <MissingDependency>
        <Required type="1" schemaName="workqueue" displayName="Work Queue" solution="MicrosoftFlowExtensionsCore (1.9.9.0)">
          <package appName="MicrosoftFlowExtensionsCore" version="1.9.9.0">MicrosoftFlowExtensionsAnchor (1.9.9.0)</package>
        </Required>
        <Dependent type="29" displayName="IA.DOT.IMD.0002 – Claims Processing IDP - Performer" id="{5ab88217-2156-ef11-a317-001dd8021e69}" />
      </MissingDependency>
      <MissingDependency>
        <Required type="1" schemaName="workqueue" displayName="Work Queue" solution="MicrosoftFlowExtensionsCore (1.9.9.0)">
          <package appName="MicrosoftFlowExtensionsCore" version="1.9.9.0">MicrosoftFlowExtensionsAnchor (1.9.9.0)</package>
        </Required>
        <Dependent type="29" displayName="Copy of - IA.DOT.IMD.0002 – Claims Processing IDP - Performer 19122024" id="{7c0de209-f7bd-ef11-b8e9-001dd8024dff}" />
      </MissingDependency>
      <MissingDependency>
        <Required type="1" schemaName="workqueueitem" displayName="Work Queue Item" solution="MicrosoftFlowExtensionsCore (1.9.9.0)">
          <package appName="MicrosoftFlowExtensionsCore" version="1.9.9.0">MicrosoftFlowExtensionsAnchor (1.9.9.0)</package>
        </Required>
        <Dependent type="29" displayName="IA.DOT.IMD.0002 – Claims Processing IDP - Dispatcher" id="{27165c9a-b149-ef11-a316-001dd8021e69}" />
      </MissingDependency>
      <MissingDependency>
        <Required type="1" schemaName="workqueueitem" displayName="Work Queue Item" solution="MicrosoftFlowExtensionsCore (1.9.9.0)">
          <package appName="MicrosoftFlowExtensionsCore" version="1.9.9.0">MicrosoftFlowExtensionsAnchor (1.9.9.0)</package>
        </Required>
        <Dependent type="29" displayName="IA.002 Claims Processing Performer" id="{4dc66ea4-944d-ef11-a317-001dd8021e69}" />
      </MissingDependency>
      <MissingDependency>
        <Required type="1" schemaName="workqueueitem" displayName="Work Queue Item" solution="MicrosoftFlowExtensionsCore (1.9.9.0)">
          <package appName="MicrosoftFlowExtensionsCore" version="1.9.9.0">MicrosoftFlowExtensionsAnchor (1.9.9.0)</package>
        </Required>
        <Dependent type="29" displayName="IA.DOT.IMD.0002 – Claims Processing IDP - Performer" id="{5ab88217-2156-ef11-a317-001dd8021e69}" />
      </MissingDependency>
      <MissingDependency>
        <Required type="1" schemaName="workqueueitem" displayName="Work Queue Item" solution="MicrosoftFlowExtensionsCore (1.9.9.0)">
          <package appName="MicrosoftFlowExtensionsCore" version="1.9.9.0">MicrosoftFlowExtensionsAnchor (1.9.9.0)</package>
        </Required>
        <Dependent type="29" displayName="Copy of - IA.DOT.IMD.0002 – Claims Processing IDP - Performer 19122024" id="{7c0de209-f7bd-ef11-b8e9-001dd8024dff}" />
      </MissingDependency>
      <MissingDependency>
        <Required type="connectionreference" displayName="puneeth_shareduiflow_c075d" solution="UpdateBidTabsDataConfigEnvVar (1.0.0.25)" id.connectionreferencelogicalname="puneeth_shareduiflow_c075d" />
        <Dependent type="29" displayName="IA.002 Claims Processing Performer" id="{4dc66ea4-944d-ef11-a317-001dd8021e69}" />
      </MissingDependency>
      <MissingDependency>
        <Required type="connectionreference" displayName="puneeth_shareduiflow_c075d" solution="UpdateBidTabsDataConfigEnvVar (1.0.0.25)" id.connectionreferencelogicalname="puneeth_shareduiflow_c075d" />
        <Dependent type="29" displayName="Copy of - IA.DOT.IMD.0002 – Claims Processing IDP - Performer 19122024" id="{7c0de209-f7bd-ef11-b8e9-001dd8024dff}" />
      </MissingDependency>
    </MissingDependencies>
  </SolutionManifest>
</ImportExportXml>