<desktopflowbinary desktopflowbinaryid="0bda3c73-3232-f011-8c4d-001dd80d56c8">
  <data mimetype="application/json">ControlRepository_59df3cdd-f961-4d60-a95b-c1efd9b0849e.json</data>
  <iscustomizable>1</iscustomizable>
  <name>Desktop flow ui elements</name>
  <process>
    <workflowid>c5d93c73-3232-f011-8c4d-001dd80d56c8</workflowid>
  </process>
  <reference>controlRepo.appmask</reference>
  <statecode>0</statecode>
  <statuscode>1</statuscode>
  <type>ControlRepository</type>
</desktopflowbinary>