<environmentvariabledefinition schemaname="iancdot_CPIDP_SystemExceptionEmailIDs">
  <defaultvalue>ext-pprasannan@ncdot.gov</defaultvalue>
  <displayname default="CPIDP_SystemExceptionEmailIDs">
    <label description="CPIDP_SystemExceptionEmailIDs" languagecode="1033" />
  </displayname>
  <introducedversion>1.0.0.0</introducedversion>
  <iscustomizable>1</iscustomizable>
  <isrequired>0</isrequired>
  <secretstore>0</secretstore>
  <type>100000000</type>
</environmentvariabledefinition>