{
  "properties": {
    "connectionReferences": {},
    "definition": {
      "$schema": "https://schema.management.azure.com/providers/Microsoft.Logic/schemas/2016-06-01/workflowdefinition.json#",
      "contentVersion": "undefined",
      "parameters": {
        "$authentication": {
          "defaultValue": {},
          "type": "SecureObject"
        }
      },
      "triggers": {
        "manual": {
          "metadata": {
            "operationMetadataId": "011b68fe-05c9-487b-a4fe-8af559483709"
          },
          "type": "Request",
          "kind": "Button",
          "inputs": {
            "schema": {
              "type": "object",
              "properties": {
                "text": {
                  "description": " ",
                  "title": "ClaimID",
                  "type": "string",
                  "x-ms-content-hint": "TEXT",
                  "x-ms-dynamically-added": true
                }
              },
              "required": [
                "text"
              ]
            }
          }
        }
      },
      "actions": {
        "Run_a_Child_Flow-Cover_Letter_Data": {
          "runAfter": {
            "Initialize_variable-AttachmentsModelRunFlag": [
              "Succeeded"
            ]
          },
          "metadata": {
            "operationMetadataId": "bc620338-eac4-45da-9ae9-09ed613b9b29"
          },
          "type": "Workflow",
          "inputs": {
            "host": {
              "workflowReferenceName": "698de1ca-1a49-ef11-a316-001dd8021e69"
            },
            "body": {
              "text": "@triggerBody()?['text']"
            }
          }
        },
        "Valid_Run_-_Cover_Letter": {
          "actions": {
            "Run_a_Child_Flow-Cover_Sheet_Data": {
              "runAfter": {},
              "metadata": {
                "operationMetadataId": "bc620338-eac4-45da-9ae9-09ed613b9b29"
              },
              "type": "Workflow",
              "inputs": {
                "host": {
                  "workflowReferenceName": "349aaf88-5148-ef11-a316-001dd8021e69"
                },
                "body": {
                  "text": "@triggerBody()?['text']"
                }
              }
            },
            "Valid_Run_-_Cover_Sheet": {
              "actions": {
                "Run_a_Child_Flow-DBE_Extraction": {
                  "runAfter": {},
                  "metadata": {
                    "operationMetadataId": "bc620338-eac4-45da-9ae9-09ed613b9b29"
                  },
                  "type": "Workflow",
                  "inputs": {
                    "host": {
                      "workflowReferenceName": "23ae8936-8449-ef11-a316-001dd8024dff"
                    },
                    "body": {
                      "text": "@triggerBody()?['text']"
                    }
                  }
                },
                "Valid_Run_-_DBE_Form": {
                  "actions": {
                    "Run_a_Child_Flow-PRF_Extraction": {
                      "runAfter": {},
                      "metadata": {
                        "operationMetadataId": "bc620338-eac4-45da-9ae9-09ed613b9b29"
                      },
                      "type": "Workflow",
                      "inputs": {
                        "host": {
                          "workflowReferenceName": "31a9ff88-5543-ef11-8409-001dd8024dff"
                        },
                        "body": {
                          "text": "@triggerBody()?['text']"
                        }
                      }
                    },
                    "Valid_Run_-_PRF_Data": {
                      "actions": {
                        "Run_a_Child_Flow-Expense_Table_Extraction": {
                          "runAfter": {},
                          "metadata": {
                            "operationMetadataId": "bc620338-eac4-45da-9ae9-09ed613b9b29"
                          },
                          "type": "Workflow",
                          "inputs": {
                            "host": {
                              "workflowReferenceName": "f1618887-a349-ef11-a316-001dd8024dff"
                            },
                            "body": {
                              "text": "@triggerBody()?['text']"
                            }
                          }
                        },
                        "Valid_Run_-_Expense_Table": {
                          "actions": {
                            "Run_a_Child_Flow-Attachments_Data": {
                              "runAfter": {},
                              "metadata": {
                                "operationMetadataId": "bc620338-eac4-45da-9ae9-09ed613b9b29"
                              },
                              "type": "Workflow",
                              "inputs": {
                                "host": {
                                  "workflowReferenceName": "7d912e06-7a4a-ef11-a316-001dd8024dff"
                                },
                                "body": {
                                  "text": "@triggerBody()?['text']"
                                }
                              }
                            },
                            "Valid_Run_-_Attachments_Data": {
                              "actions": {
                                "Run_a_Child_Flow-DBE_Table_Extraction": {
                                  "runAfter": {},
                                  "metadata": {
                                    "operationMetadataId": "bc620338-eac4-45da-9ae9-09ed613b9b29"
                                  },
                                  "type": "Workflow",
                                  "inputs": {
                                    "host": {
                                      "workflowReferenceName": "c2e33f1a-a063-ef11-bfe3-001dd80b01ad"
                                    },
                                    "body": {
                                      "text": "@triggerBody()?['text']"
                                    }
                                  }
                                },
                                "Condition": {
                                  "actions": {
                                    "Set_variable-Claims_Model_-_True": {
                                      "runAfter": {},
                                      "metadata": {
                                        "operationMetadataId": "4bce8f7b-9eca-4b94-922a-e8051bccedaf"
                                      },
                                      "type": "SetVariable",
                                      "inputs": {
                                        "name": "ClaimsModelRunFlag",
                                        "value": "true"
                                      }
                                    },
                                    "Set_variable-Attachments__True": {
                                      "runAfter": {
                                        "Set_variable-Claims_Model_-_True": [
                                          "Succeeded"
                                        ]
                                      },
                                      "metadata": {
                                        "operationMetadataId": "c757b347-ead4-45f7-8e76-cc3b1a078330"
                                      },
                                      "type": "SetVariable",
                                      "inputs": {
                                        "name": "AttachmentsModelRunFlag",
                                        "value": "true"
                                      }
                                    }
                                  },
                                  "runAfter": {
                                    "Run_a_Child_Flow-DBE_Table_Extraction": [
                                      "Succeeded"
                                    ]
                                  },
                                  "else": {
                                    "actions": {
                                      "Set_variable-Claims_Model_-_False": {
                                        "runAfter": {},
                                        "metadata": {
                                          "operationMetadataId": "b81acf34-8d3c-4785-9d5b-8548d85f5fbc"
                                        },
                                        "type": "SetVariable",
                                        "inputs": {
                                          "name": "ClaimsModelRunFlag",
                                          "value": "false"
                                        }
                                      },
                                      "Set_variable_-_Attachments__True": {
                                        "runAfter": {
                                          "Set_variable-Claims_Model_-_False": [
                                            "Succeeded"
                                          ]
                                        },
                                        "metadata": {
                                          "operationMetadataId": "ebd0a1b3-93ca-42e6-bb01-8e7550186efe"
                                        },
                                        "type": "SetVariable",
                                        "inputs": {
                                          "name": "AttachmentsModelRunFlag",
                                          "value": "true"
                                        }
                                      }
                                    }
                                  },
                                  "expression": {
                                    "and": [
                                      {
                                        "equals": [
                                          "@body('Run_a_Child_Flow-DBE_Table_Extraction')?['runflag']",
                                          "Yes"
                                        ]
                                      }
                                    ]
                                  },
                                  "metadata": {
                                    "operationMetadataId": "c5b6a000-e72c-4756-80bb-e661153745cf"
                                  },
                                  "type": "If"
                                }
                              },
                              "runAfter": {
                                "Run_a_Child_Flow-Attachments_Data": [
                                  "Succeeded"
                                ]
                              },
                              "else": {
                                "actions": {
                                  "Set_variable-Claims_Data_True": {
                                    "runAfter": {},
                                    "metadata": {
                                      "operationMetadataId": "db580054-339a-401a-b71c-4ef388439327"
                                    },
                                    "type": "SetVariable",
                                    "inputs": {
                                      "name": "ClaimsModelRunFlag",
                                      "value": "true"
                                    }
                                  },
                                  "Set_variable-Attachments_False": {
                                    "runAfter": {
                                      "Set_variable-Claims_Data_True": [
                                        "Succeeded"
                                      ]
                                    },
                                    "metadata": {
                                      "operationMetadataId": "387cc1fe-60af-47db-a12e-6551d996942d"
                                    },
                                    "type": "SetVariable",
                                    "inputs": {
                                      "name": "AttachmentsModelRunFlag",
                                      "value": "false"
                                    }
                                  }
                                }
                              },
                              "expression": {
                                "and": [
                                  {
                                    "equals": [
                                      "@body('Run_a_Child_Flow-Attachments_Data')?['runflag']",
                                      "Yes"
                                    ]
                                  }
                                ]
                              },
                              "metadata": {
                                "operationMetadataId": "50c317e0-3446-4a9d-bdbb-4755daac35cd"
                              },
                              "type": "If"
                            }
                          },
                          "runAfter": {
                            "Run_a_Child_Flow-Expense_Table_Extraction": [
                              "Succeeded"
                            ]
                          },
                          "else": {
                            "actions": {
                              "Set_variable-Expense_Table_False": {
                                "runAfter": {},
                                "metadata": {
                                  "operationMetadataId": "6a0bb49d-b310-466b-9306-39f83e681895"
                                },
                                "type": "SetVariable",
                                "inputs": {
                                  "name": "ClaimsModelRunFlag",
                                  "value": "false"
                                }
                              },
                              "Set_variable-Attachment_Expense_Table_true": {
                                "runAfter": {
                                  "Set_variable-Expense_Table_False": [
                                    "Succeeded"
                                  ]
                                },
                                "metadata": {
                                  "operationMetadataId": "932e940b-80cd-45fe-967c-ca8279ab954f"
                                },
                                "type": "SetVariable",
                                "inputs": {
                                  "name": "AttachmentsModelRunFlag",
                                  "value": "true"
                                }
                              }
                            }
                          },
                          "expression": {
                            "and": [
                              {
                                "equals": [
                                  "@body('Run_a_Child_Flow-Expense_Table_Extraction')?['runflag']",
                                  "Yes"
                                ]
                              }
                            ]
                          },
                          "metadata": {
                            "operationMetadataId": "d4101760-1df6-4d27-828a-55a7d872ac9f"
                          },
                          "type": "If"
                        }
                      },
                      "runAfter": {
                        "Run_a_Child_Flow-PRF_Extraction": [
                          "Succeeded"
                        ]
                      },
                      "else": {
                        "actions": {
                          "Set_variable-PRF_False": {
                            "runAfter": {},
                            "metadata": {
                              "operationMetadataId": "492334c8-3920-4864-aaad-96a5bd05d022"
                            },
                            "type": "SetVariable",
                            "inputs": {
                              "name": "ClaimsModelRunFlag",
                              "value": "false"
                            }
                          },
                          "Set_variable-Attachments_PRF_True": {
                            "runAfter": {
                              "Set_variable-PRF_False": [
                                "Succeeded"
                              ]
                            },
                            "metadata": {
                              "operationMetadataId": "2000496a-f46b-457e-b5fd-aa8f4c1136c7"
                            },
                            "type": "SetVariable",
                            "inputs": {
                              "name": "AttachmentsModelRunFlag",
                              "value": "true"
                            }
                          }
                        }
                      },
                      "expression": {
                        "and": [
                          {
                            "equals": [
                              "@body('Run_a_Child_Flow-PRF_Extraction')?['runflag']",
                              "Yes"
                            ]
                          }
                        ]
                      },
                      "metadata": {
                        "operationMetadataId": "e5fa2fe7-14a5-416f-a5a0-5b30f0add598"
                      },
                      "type": "If"
                    }
                  },
                  "runAfter": {
                    "Run_a_Child_Flow-DBE_Extraction": [
                      "Succeeded"
                    ]
                  },
                  "else": {
                    "actions": {
                      "Set_variable-DBE_False": {
                        "runAfter": {},
                        "metadata": {
                          "operationMetadataId": "ff0a0a4a-1598-469b-a1b3-5217be852418"
                        },
                        "type": "SetVariable",
                        "inputs": {
                          "name": "ClaimsModelRunFlag",
                          "value": "false"
                        }
                      },
                      "Set_variable-DBE_Attachments_True": {
                        "runAfter": {
                          "Set_variable-DBE_False": [
                            "Succeeded"
                          ]
                        },
                        "metadata": {
                          "operationMetadataId": "e44d3573-5adc-4de5-a48f-5417f56e6e8e"
                        },
                        "type": "SetVariable",
                        "inputs": {
                          "name": "AttachmentsModelRunFlag",
                          "value": "true"
                        }
                      }
                    }
                  },
                  "expression": {
                    "and": [
                      {
                        "equals": [
                          "@body('Run_a_Child_Flow-DBE_Extraction')?['runflag']",
                          "Yes"
                        ]
                      }
                    ]
                  },
                  "metadata": {
                    "operationMetadataId": "fd1f88ae-667f-4458-a2fb-fbab35ff25b3"
                  },
                  "type": "If"
                }
              },
              "runAfter": {
                "Run_a_Child_Flow-Cover_Sheet_Data": [
                  "Succeeded"
                ]
              },
              "else": {
                "actions": {
                  "Set_variable-CoverSheet_False": {
                    "runAfter": {},
                    "metadata": {
                      "operationMetadataId": "bc43c17f-a588-4ea5-95b2-ab366a7d7709"
                    },
                    "type": "SetVariable",
                    "inputs": {
                      "name": "ClaimsModelRunFlag",
                      "value": "false"
                    }
                  },
                  "Set_variable-Cover_Attachments_True": {
                    "runAfter": {
                      "Set_variable-CoverSheet_False": [
                        "Succeeded"
                      ]
                    },
                    "metadata": {
                      "operationMetadataId": "481a3b1f-5e8b-4b28-a486-e930b56df7a9"
                    },
                    "type": "SetVariable",
                    "inputs": {
                      "name": "AttachmentsModelRunFlag",
                      "value": "true"
                    }
                  }
                }
              },
              "expression": {
                "and": [
                  {
                    "equals": [
                      "@body('Run_a_Child_Flow-Cover_Sheet_Data')?['runflag']",
                      "Yes"
                    ]
                  }
                ]
              },
              "metadata": {
                "operationMetadataId": "c2f3f488-2679-4a19-967a-80a70d7f1d9b"
              },
              "type": "If"
            }
          },
          "runAfter": {
            "Run_a_Child_Flow-Cover_Letter_Data": [
              "Succeeded"
            ]
          },
          "else": {
            "actions": {
              "Set_variable-Cover_Letter_False": {
                "runAfter": {},
                "metadata": {
                  "operationMetadataId": "e05fd9db-f4d1-4a1c-9843-f4220fde5197"
                },
                "type": "SetVariable",
                "inputs": {
                  "name": "ClaimsModelRunFlag",
                  "value": "false"
                }
              },
              "Set_variable-_Attachments_Cover_Letter_True": {
                "runAfter": {
                  "Set_variable-Cover_Letter_False": [
                    "Succeeded"
                  ]
                },
                "metadata": {
                  "operationMetadataId": "1431e455-17ce-44ae-858c-6cab322547b6"
                },
                "type": "SetVariable",
                "inputs": {
                  "name": "AttachmentsModelRunFlag",
                  "value": "true"
                }
              }
            }
          },
          "expression": {
            "and": [
              {
                "equals": [
                  "@body('Run_a_Child_Flow-Cover_Letter_Data')?['runflag']",
                  "Yes"
                ]
              }
            ]
          },
          "metadata": {
            "operationMetadataId": "a3597b22-9a50-4dd1-aa96-5b3cf0161d53"
          },
          "type": "If"
        },
        "Initialize_variable_-_ClaimsModelRunFlag": {
          "runAfter": {},
          "metadata": {
            "operationMetadataId": "f42db6ec-e236-4fe0-9384-693a482a9e63"
          },
          "type": "InitializeVariable",
          "inputs": {
            "variables": [
              {
                "name": "ClaimsModelRunFlag",
                "type": "string",
                "value": "false"
              }
            ]
          }
        },
        "Initialize_variable-AttachmentsModelRunFlag": {
          "runAfter": {
            "Initialize_variable_-_ClaimsModelRunFlag": [
              "Succeeded"
            ]
          },
          "metadata": {
            "operationMetadataId": "6711afaf-90bf-4f75-bcb5-e1c387563a76"
          },
          "type": "InitializeVariable",
          "inputs": {
            "variables": [
              {
                "name": "AttachmentsModelRunFlag",
                "type": "string",
                "value": "false"
              }
            ]
          }
        },
        "Respond_to_a_Power_App_or_flow": {
          "runAfter": {
            "Valid_Run_-_Cover_Letter": [
              "Succeeded"
            ]
          },
          "metadata": {
            "operationMetadataId": "34e5de5c-9d1c-421a-8cc4-b95f019e516b"
          },
          "type": "Response",
          "kind": "PowerApp",
          "inputs": {
            "statusCode": 200,
            "body": {
              "attachmentsmodelrunflag": "@variables('AttachmentsModelRunFlag')",
              "claimsmodelrunflag": "@variables('ClaimsModelRunFlag')",
              "ebs_attachments_data": "@body('Run_a_Child_Flow-Attachments_Data')?['ebs_attachments_data']",
              "ebs_coversheetdata": "@body('Run_a_Child_Flow-Cover_Sheet_Data')?['ebs_coversheetdata']",
              "ebs_coverletterdata": "@body('Run_a_Child_Flow-Cover_Letter_Data')?['ebs_coverletterdata']",
              "ebs_dbe_data": "@body('Run_a_Child_Flow-DBE_Extraction')?['ebs_dbe_data']",
              "ebs_prf_data": "@body('Run_a_Child_Flow-PRF_Extraction')?['ebs_prf_data']",
              "ebs_expense_data": "@body('Run_a_Child_Flow-Expense_Table_Extraction')?['ebs_expense_data']",
              "ebs_dbe_table_data": "@body('Run_a_Child_Flow-DBE_Table_Extraction')?['ebs_dbe_table_data']"
            },
            "schema": {
              "type": "object",
              "properties": {
                "attachmentsmodelrunflag": {
                  "title": "AttachmentsModelRunFlag",
                  "x-ms-dynamically-added": true,
                  "type": "string"
                },
                "claimsmodelrunflag": {
                  "title": "ClaimsModelRunFlag",
                  "x-ms-dynamically-added": true,
                  "type": "string"
                },
                "ebs_attachments_data": {
                  "title": "EBS_Attachments_Data",
                  "x-ms-dynamically-added": true,
                  "type": "string"
                },
                "ebs_coversheetdata": {
                  "title": "EBS_CoverSheetData",
                  "x-ms-dynamically-added": true,
                  "type": "string"
                },
                "ebs_coverletterdata": {
                  "title": "EBS_CoverLetterData",
                  "x-ms-dynamically-added": true,
                  "type": "string"
                },
                "ebs_dbe_data": {
                  "title": "EBS_DBE_Data",
                  "x-ms-dynamically-added": true,
                  "type": "string"
                },
                "ebs_prf_data": {
                  "title": "EBS_PRF_data",
                  "x-ms-dynamically-added": true,
                  "type": "string"
                },
                "ebs_expense_data": {
                  "title": "EBS_Expense_Data",
                  "x-ms-dynamically-added": true,
                  "type": "string"
                },
                "ebs_dbe_table_data": {
                  "title": "EBS_DBE_Table_Data",
                  "x-ms-dynamically-added": true,
                  "type": "string"
                }
              }
            }
          }
        }
      }
    },
    "templateName": ""
  },
  "schemaVersion": "1.0.0.0"
}