{
  "properties": {
    "connectionReferences": {
      "shared_powerbi_1": {
        "runtimeSource": "embedded",
        "connection": {
          "connectionReferenceLogicalName": "iancdot_UC2_BI_Connection"
        },
        "api": {
          "name": "shared_powerbi"
        }
      }
    },
    "definition": {
      "$schema": "https://schema.management.azure.com/providers/Microsoft.Logic/schemas/2016-06-01/workflowdefinition.json#",
      "contentVersion": "undefined",
      "parameters": {
        "$connections": {
          "defaultValue": {},
          "type": "Object"
        },
        "$authentication": {
          "defaultValue": {},
          "type": "SecureObject"
        },
        "CPIDP_SemanticModelClaimsDataID (iancdot_CPIDP_SemanticModelClaimsDataID)": {
          "defaultValue": "80b0e184-f970-48b4-af65-11461f7e0472",
          "type": "String",
          "metadata": {
            "schemaName": "iancdot_CPIDP_SemanticModelClaimsDataID"
          }
        },
        "CPIDP_SemanticModelWorkspaceName (iancdot_CPIDP_SemanticModelWorkspaceName)": {
          "defaultValue": "2c61d948-8105-4228-b087-0a26eddb8ed4",
          "type": "String",
          "metadata": {
            "schemaName": "iancdot_CPIDP_SemanticModelWorkspaceName"
          }
        },
        "CPIDP_ExpenseTable_DAX_Query (iancdot_CPIDP_ExpenseTable_DAX_Query)": {
          "defaultValue": "DEFINE     VAR __DS0FilterTable =          TREATAS({\"%ClaimID%\"}, 'IMD_CLAIMS_MODEL'[Claim ID])     VAR __DS0FilterTable2 =          FILTER(             KEEPFILTERS(VALUES('IMD_CLAIMS_MODEL'[Expense Code])),             NOT('IMD_CLAIMS_MODEL'[Expense Code] IN {BLANK()})         )     VAR __ValueFilterDM1 =          FILTER(             KEEPFILTERS(                 SUMMARIZECOLUMNS(                     'IMD_CLAIMS_MODEL'[Claim ID],                     'IMD_CLAIMS_MODEL'[Expense Code],                     'IMD_CLAIMS_MODEL'[Expense Code Description],                     __DS0FilterTable,                     __DS0FilterTable2,                     \"Current_Expense_Amount\", 'IMD_CLAIMS_MODEL'[Current Expense Amount]                 )             ),             [Current_Expense_Amount] > 0         )     VAR __DS0Core =          SUMMARIZECOLUMNS(             'IMD_CLAIMS_MODEL'[Claim ID],             'IMD_CLAIMS_MODEL'[Expense Code],             'IMD_CLAIMS_MODEL'[Expense Code Description],             __DS0FilterTable,             __DS0FilterTable2,             __ValueFilterDM1,             \"Current_Expense_Amount\", 'IMD_CLAIMS_MODEL'[Current Expense Amount]         )     VAR __DS0PrimaryWindowed =          TOPN(             502,             FILTER(                 __DS0Core,                 NOT(ISBLANK('IMD_CLAIMS_MODEL'[Claim ID]))               ),             'IMD_CLAIMS_MODEL'[Claim ID],             1,             'IMD_CLAIMS_MODEL'[Expense Code],             1,             'IMD_CLAIMS_MODEL'[Expense Code Description],             1         ) EVALUATE     __DS0PrimaryWindowed ORDER BY     'IMD_CLAIMS_MODEL'[Claim ID],     'IMD_CLAIMS_MODEL'[Expense Code],     'IMD_CLAIMS_MODEL'[Expense Code Description]",
          "type": "String",
          "metadata": {
            "schemaName": "iancdot_CPIDP_ExpenseTable_DAX_Query"
          }
        }
      },
      "triggers": {
        "manual": {
          "metadata": {
            "operationMetadataId": "f71ac9b7-f1d2-4f0d-863f-9e1571edf2ba"
          },
          "type": "Request",
          "kind": "Button",
          "inputs": {
            "schema": {
              "type": "object",
              "properties": {
                "text": {
                  "description": "Please enter your input",
                  "title": "ClaimID",
                  "type": "string",
                  "x-ms-content-hint": "TEXT",
                  "x-ms-dynamically-added": true
                }
              },
              "required": [
                "text"
              ]
            }
          }
        }
      },
      "actions": {
        "Parse_JSON_-_Expense_Table": {
          "runAfter": {
            "DAX_Query_-_Expense_Table": [
              "Succeeded"
            ]
          },
          "metadata": {
            "operationMetadataId": "063a250d-5663-4f2b-b492-63d51b52fbcc"
          },
          "type": "ParseJson",
          "inputs": {
            "content": "@body('DAX_Query_-_Expense_Table')",
            "schema": {
              "type": "object",
              "properties": {
                "statusCode": {
                  "type": "integer"
                },
                "headers": {
                  "type": "object",
                  "properties": {
                    "Cache-Control": {
                      "type": "string"
                    },
                    "Pragma": {
                      "type": "string"
                    },
                    "Transfer-Encoding": {
                      "type": "string"
                    },
                    "Strict-Transport-Security": {
                      "type": "string"
                    },
                    "X-Frame-Options": {
                      "type": "string"
                    },
                    "X-Content-Type-Options": {
                      "type": "string"
                    },
                    "RequestId": {
                      "type": "string"
                    },
                    "Access-Control-Expose-Headers": {
                      "type": "string"
                    },
                    "Timing-Allow-Origin": {
                      "type": "string"
                    },
                    "x-ms-apihub-cached-response": {
                      "type": "string"
                    },
                    "x-ms-apihub-obo": {
                      "type": "string"
                    },
                    "Date": {
                      "type": "string"
                    },
                    "Content-Type": {
                      "type": "string"
                    },
                    "Content-Length": {
                      "type": "string"
                    }
                  }
                },
                "body": {
                  "type": "object",
                  "properties": {
                    "results": {
                      "type": "array",
                      "items": {
                        "type": "object",
                        "properties": {
                          "tables": {
                            "type": "array",
                            "items": {
                              "type": "object",
                              "properties": {
                                "rows": {
                                  "type": "array",
                                  "items": {
                                    "type": "object",
                                    "properties": {
                                      "IMD_CLAIMS_MODEL[Claim ID]": {
                                        "type": "string"
                                      },
                                      "IMD_CLAIMS_MODEL[Invoice To Date]": {
                                        "type": "string"
                                      },
                                      "IMD_CLAIMS_MODEL[Invoice From Date]": {
                                        "type": "string"
                                      },
                                      "IMD_CLAIMS_MODEL[WBS]": {
                                        "type": "string"
                                      },
                                      "IMD_CLAIMS_MODEL[Project Number]": {
                                        "type": "string"
                                      },
                                      "IMD_CLAIMS_MODEL[Grantee Name]": {
                                        "type": "string"
                                      },
                                      "[Current_Expense_Amount]": {
                                        "type": "integer"
                                      }
                                    },
                                    "required": [
                                      "IMD_CLAIMS_MODEL[Claim ID]",
                                      "IMD_CLAIMS_MODEL[Invoice To Date]",
                                      "IMD_CLAIMS_MODEL[Invoice From Date]",
                                      "IMD_CLAIMS_MODEL[WBS]",
                                      "IMD_CLAIMS_MODEL[Project Number]",
                                      "IMD_CLAIMS_MODEL[Grantee Name]",
                                      "[Current_Expense_Amount]"
                                    ]
                                  }
                                }
                              },
                              "required": [
                                "rows"
                              ]
                            }
                          }
                        },
                        "required": [
                          "tables"
                        ]
                      }
                    },
                    "firstTableRows": {
                      "type": "array",
                      "items": {
                        "type": "object",
                        "properties": {
                          "IMD_CLAIMS_MODEL[Claim ID]": {
                            "type": "string"
                          },
                          "IMD_CLAIMS_MODEL[Invoice To Date]": {
                            "type": "string"
                          },
                          "IMD_CLAIMS_MODEL[Invoice From Date]": {
                            "type": "string"
                          },
                          "IMD_CLAIMS_MODEL[WBS]": {
                            "type": "string"
                          },
                          "IMD_CLAIMS_MODEL[Project Number]": {
                            "type": "string"
                          },
                          "IMD_CLAIMS_MODEL[Grantee Name]": {
                            "type": "string"
                          },
                          "[Current_Expense_Amount]": {
                            "type": "integer"
                          }
                        },
                        "required": [
                          "IMD_CLAIMS_MODEL[Claim ID]",
                          "IMD_CLAIMS_MODEL[Invoice To Date]",
                          "IMD_CLAIMS_MODEL[Invoice From Date]",
                          "IMD_CLAIMS_MODEL[WBS]",
                          "IMD_CLAIMS_MODEL[Project Number]",
                          "IMD_CLAIMS_MODEL[Grantee Name]",
                          "[Current_Expense_Amount]"
                        ]
                      }
                    }
                  }
                }
              }
            }
          }
        },
        "DAX_Query_-_Expense_Table": {
          "runAfter": {
            "Compose_-_Replace_ClaimID_-_Expense_Table": [
              "Succeeded"
            ]
          },
          "metadata": {
            "operationMetadataId": "cadf421d-09fd-41bd-8040-ba82ac9f0186"
          },
          "type": "OpenApiConnection",
          "inputs": {
            "host": {
              "connectionName": "shared_powerbi_1",
              "operationId": "ExecuteDatasetQuery",
              "apiId": "/providers/Microsoft.PowerApps/apis/shared_powerbi"
            },
            "parameters": {
              "groupid": "@parameters('CPIDP_SemanticModelWorkspaceName (iancdot_CPIDP_SemanticModelWorkspaceName)')",
              "datasetid": "@parameters('CPIDP_SemanticModelClaimsDataID (iancdot_CPIDP_SemanticModelClaimsDataID)')",
              "specification/query": "@outputs('Compose_-_Replace_ClaimID_-_Expense_Table')",
              "specification/serializerSettings/includeNulls": false
            },
            "authentication": {
              "type": "Raw",
              "value": "@json(decodeBase64(triggerOutputs().headers['X-MS-APIM-Tokens']))['$ConnectionKey']"
            }
          }
        },
        "Select_-_Expense_Table_Columns": {
          "runAfter": {
            "Parse_JSON_-_Expense_Table": [
              "Succeeded"
            ]
          },
          "metadata": {
            "operationMetadataId": "5bea3523-b83a-4bc1-88de-8afd570c81fa"
          },
          "type": "Select",
          "inputs": {
            "from": "@body('Parse_JSON_-_Expense_Table')?['results'][0]['tables'][0]['rows']",
            "select": {
              "Expense Code": "@item()?['IMD_CLAIMS_MODEL[Expense Code]']",
              "Expense Description": "@item()?['IMD_CLAIMS_MODEL[Expense Code Description]']",
              "Expense Amount": "@item()?['[Current_Expense_Amount]']"
            }
          }
        },
        "Compose_-_Replace_ClaimID_-_Expense_Table": {
          "runAfter": {},
          "metadata": {
            "operationMetadataId": "ff8176c1-a061-484f-b688-15cc90e7edbc"
          },
          "type": "Compose",
          "inputs": "@replace(parameters('CPIDP_ExpenseTable_DAX_Query (iancdot_CPIDP_ExpenseTable_DAX_Query)'),'%ClaimID%',triggerBody()?['text'])"
        },
        "Respond_Expense_Data_to_a_Power_App_or_flow": {
          "runAfter": {
            "Select_-_Expense_Table_Columns": [
              "Succeeded"
            ]
          },
          "metadata": {
            "operationMetadataId": "fae725a9-009a-41a9-8792-c4854d74a449"
          },
          "type": "Response",
          "kind": "PowerApp",
          "inputs": {
            "statusCode": 200,
            "body": {
              "ebs_expense_data": "@body('Select_-_Expense_Table_Columns')",
              "runflag": "Yes"
            },
            "schema": {
              "type": "object",
              "properties": {
                "ebs_expense_data": {
                  "title": "EBS_Expense_Data",
                  "x-ms-dynamically-added": true,
                  "type": "string"
                },
                "runflag": {
                  "title": "RunFlag",
                  "x-ms-dynamically-added": true,
                  "type": "boolean"
                }
              }
            }
          }
        },
        "Respond_Expense_Data_to_a_Power_App_or_flow-NA": {
          "runAfter": {
            "DAX_Query_-_Expense_Table": [
              "TimedOut",
              "Skipped",
              "Failed"
            ]
          },
          "metadata": {
            "operationMetadataId": "fae725a9-009a-41a9-8792-c4854d74a449"
          },
          "type": "Response",
          "kind": "PowerApp",
          "inputs": {
            "statusCode": 200,
            "body": {
              "ebs_expense_data": "NA",
              "runflag": "No"
            },
            "schema": {
              "type": "object",
              "properties": {
                "ebs_expense_data": {
                  "title": "EBS_Expense_Data",
                  "x-ms-dynamically-added": true,
                  "type": "string"
                },
                "runflag": {
                  "title": "RunFlag",
                  "x-ms-dynamically-added": true,
                  "type": "boolean"
                }
              }
            }
          }
        }
      }
    },
    "templateName": ""
  },
  "schemaVersion": "1.0.0.0"
}