{
  "properties": {
    "connectionReferences": {
      "shared_powerbi_1": {
        "runtimeSource": "embedded",
        "connection": {
          "connectionReferenceLogicalName": "iancdot_UC2_BI_Connection"
        },
        "api": {
          "name": "shared_powerbi"
        }
      }
    },
    "definition": {
      "$schema": "https://schema.management.azure.com/providers/Microsoft.Logic/schemas/2016-06-01/workflowdefinition.json#",
      "contentVersion": "undefined",
      "parameters": {
        "$authentication": {
          "defaultValue": {},
          "type": "SecureObject"
        },
        "$connections": {
          "defaultValue": {},
          "type": "Object"
        },
        "CPIDP_SemanticModelClaimsDataID (iancdot_CPIDP_SemanticModelClaimsDataID)": {
          "defaultValue": "80b0e184-f970-48b4-af65-11461f7e0472",
          "type": "String",
          "metadata": {
            "schemaName": "iancdot_CPIDP_SemanticModelClaimsDataID"
          }
        },
        "CPIDP_SemanticModelWorkspaceName (iancdot_CPIDP_SemanticModelWorkspaceName)": {
          "defaultValue": "2c61d948-8105-4228-b087-0a26eddb8ed4",
          "type": "String",
          "metadata": {
            "schemaName": "iancdot_CPIDP_SemanticModelWorkspaceName"
          }
        },
        "CPIDP_CoverLetter_DAX_Query (iancdot_CPIDP_CoverLetter_DAX_Query)": {
          "defaultValue": "DEFINE     VAR __DS0FilterTable =          TREATAS({\"%ClaimID%\"}, 'IMD_CLAIMS_MODEL'[Claim ID])     VAR __DS0Core =          SUMMARIZECOLUMNS(             'IMD_CLAIMS_MODEL'[Claim ID],             'IMD_CLAIMS_MODEL'[Project Number],             'IMD_CLAIMS_MODEL'[WBS],             __DS0FilterTable,             \"Total_Funding\",                  SUMX(                     SUMMARIZE(                         'IMD_CLAIMS_MODEL',                         'IMD_CLAIMS_MODEL'[Claim ID],                         'IMD_CLAIMS_MODEL'[Project Number],                         'IMD_CLAIMS_MODEL'[WBS],                         \"Federal_Local_Total\",                              'IMD_CLAIMS_MODEL'[Federal Funding Amount] + 'IMD_CLAIMS_MODEL'[Local Funding Amount]                     ),                     [Federal_Local_Total]                 )         )     VAR __DS0PrimaryWindowed =          TOPN(             502,             __DS0Core,             'IMD_CLAIMS_MODEL'[Claim ID],             1,             'IMD_CLAIMS_MODEL'[Project Number],             1,             'IMD_CLAIMS_MODEL'[WBS],             1         ) EVALUATE     __DS0PrimaryWindowed ORDER BY     'IMD_CLAIMS_MODEL'[Claim ID],     'IMD_CLAIMS_MODEL'[Project Number],     'IMD_CLAIMS_MODEL'[WBS]",
          "type": "String",
          "metadata": {
            "schemaName": "iancdot_CPIDP_CoverLetter_DAX_Query"
          }
        }
      },
      "triggers": {
        "manual": {
          "metadata": {
            "operationMetadataId": "f71ac9b7-f1d2-4f0d-863f-9e1571edf2ba"
          },
          "type": "Request",
          "kind": "Button",
          "inputs": {
            "schema": {
              "type": "object",
              "properties": {
                "text": {
                  "description": "Please enter your input",
                  "title": "ClaimID",
                  "type": "string",
                  "x-ms-content-hint": "TEXT",
                  "x-ms-dynamically-added": true
                }
              },
              "required": [
                "text"
              ]
            }
          },
          "runtimeConfiguration": {
            "concurrency": {
              "runs": 1
            }
          }
        }
      },
      "actions": {
        "DAX_Query_-_Cover_Letter": {
          "runAfter": {
            "Compose_-_Replace_ClaimID_-_Cover_Letter": [
              "Succeeded"
            ]
          },
          "metadata": {
            "operationMetadataId": "c37da3b5-cb1a-4de1-aad4-f06a0cd3afdd"
          },
          "type": "OpenApiConnection",
          "inputs": {
            "parameters": {
              "groupid": "@parameters('CPIDP_SemanticModelWorkspaceName (iancdot_CPIDP_SemanticModelWorkspaceName)')",
              "datasetid": "@parameters('CPIDP_SemanticModelClaimsDataID (iancdot_CPIDP_SemanticModelClaimsDataID)')",
              "specification/query": "@outputs('Compose_-_Replace_ClaimID_-_Cover_Letter')",
              "specification/serializerSettings/includeNulls": false
            },
            "host": {
              "apiId": "/providers/Microsoft.PowerApps/apis/shared_powerbi",
              "operationId": "ExecuteDatasetQuery",
              "connectionName": "shared_powerbi_1"
            }
          }
        },
        "Select_-_Cover_Letter_Columns": {
          "runAfter": {
            "Parse_JSON_-_Cover_Letter": [
              "Succeeded"
            ]
          },
          "metadata": {
            "operationMetadataId": "17f020d2-4a1f-484c-9d00-867f036a068f"
          },
          "type": "Select",
          "inputs": {
            "from": "@body('Parse_JSON_-_Cover_Letter')?['results'][0]['tables'][0]['rows']",
            "select": {
              "Project ID": "@item()?['IMD_CLAIMS_MODEL[Project Number]']",
              "WBS": "@item()?['IMD_CLAIMS_MODEL[WBS]']",
              "Total Funding": "@item()?['[Total_Funding]']"
            }
          }
        },
        "Compose_-_Replace_ClaimID_-_Cover_Letter": {
          "runAfter": {},
          "metadata": {
            "operationMetadataId": "e24364b0-efee-4c64-b882-ab3a30dabb2a"
          },
          "type": "Compose",
          "inputs": "@replace(parameters('CPIDP_CoverLetter_DAX_Query (iancdot_CPIDP_CoverLetter_DAX_Query)'),'%ClaimID%',triggerBody()?['text'])"
        },
        "Respond_Cover_Letter_Data_to_a_Power_App_or_flow": {
          "runAfter": {
            "Select_-_Cover_Letter_Columns": [
              "Succeeded"
            ]
          },
          "metadata": {
            "operationMetadataId": "fae725a9-009a-41a9-8792-c4854d74a449"
          },
          "type": "Response",
          "kind": "PowerApp",
          "inputs": {
            "schema": {
              "type": "object",
              "properties": {
                "ebs_coverletterdata": {
                  "title": "EBS_CoverLetterData",
                  "x-ms-dynamically-added": true,
                  "type": "string"
                },
                "runflag": {
                  "title": "RunFlag",
                  "x-ms-dynamically-added": true,
                  "type": "boolean"
                }
              },
              "additionalProperties": {}
            },
            "statusCode": 200,
            "body": {
              "ebs_coverletterdata": "@body('Select_-_Cover_Letter_Columns')",
              "runflag": "Yes"
            }
          },
          "operationOptions": "Asynchronous"
        },
        "Respond_Cover_Letter_Data_to_a_Power_App_or_flow-NA": {
          "runAfter": {
            "DAX_Query_-_Cover_Letter": [
              "TimedOut",
              "Skipped",
              "Failed"
            ]
          },
          "metadata": {
            "operationMetadataId": "fae725a9-009a-41a9-8792-c4854d74a449"
          },
          "type": "Response",
          "kind": "PowerApp",
          "inputs": {
            "schema": {
              "type": "object",
              "properties": {
                "ebs_coverletterdata": {
                  "title": "EBS_CoverLetterData",
                  "x-ms-dynamically-added": true,
                  "type": "string"
                },
                "runflag": {
                  "title": "RunFlag",
                  "x-ms-dynamically-added": true,
                  "type": "boolean"
                }
              },
              "additionalProperties": {}
            },
            "statusCode": 200,
            "body": {
              "ebs_coverletterdata": "NA",
              "runflag": "No"
            }
          },
          "operationOptions": "Asynchronous"
        },
        "Parse_JSON_-_Cover_Letter": {
          "runAfter": {
            "DAX_Query_-_Cover_Letter": [
              "Succeeded"
            ]
          },
          "metadata": {
            "operationMetadataId": "063a250d-5663-4f2b-b492-63d51b52fbcc"
          },
          "type": "ParseJson",
          "inputs": {
            "content": "@body('DAX_Query_-_Cover_Letter')",
            "schema": {
              "type": "object",
              "properties": {
                "statusCode": {
                  "type": "integer"
                },
                "headers": {
                  "type": "object",
                  "properties": {
                    "Cache-Control": {
                      "type": "string"
                    },
                    "Pragma": {
                      "type": "string"
                    },
                    "Transfer-Encoding": {
                      "type": "string"
                    },
                    "Strict-Transport-Security": {
                      "type": "string"
                    },
                    "X-Frame-Options": {
                      "type": "string"
                    },
                    "X-Content-Type-Options": {
                      "type": "string"
                    },
                    "RequestId": {
                      "type": "string"
                    },
                    "Access-Control-Expose-Headers": {
                      "type": "string"
                    },
                    "Timing-Allow-Origin": {
                      "type": "string"
                    },
                    "x-ms-apihub-cached-response": {
                      "type": "string"
                    },
                    "x-ms-apihub-obo": {
                      "type": "string"
                    },
                    "Date": {
                      "type": "string"
                    },
                    "Content-Type": {
                      "type": "string"
                    },
                    "Content-Length": {
                      "type": "string"
                    }
                  }
                },
                "body": {
                  "type": "object",
                  "properties": {
                    "results": {
                      "type": "array",
                      "items": {
                        "type": "object",
                        "properties": {
                          "tables": {
                            "type": "array",
                            "items": {
                              "type": "object",
                              "properties": {
                                "rows": {
                                  "type": "array",
                                  "items": {
                                    "type": "object",
                                    "properties": {
                                      "IMD_CLAIMS_MODEL[Claim ID]": {
                                        "type": "string"
                                      },
                                      "IMD_CLAIMS_MODEL[Invoice To Date]": {
                                        "type": "string"
                                      },
                                      "IMD_CLAIMS_MODEL[Invoice From Date]": {
                                        "type": "string"
                                      },
                                      "IMD_CLAIMS_MODEL[WBS]": {
                                        "type": "string"
                                      },
                                      "IMD_CLAIMS_MODEL[Project Number]": {
                                        "type": "string"
                                      },
                                      "IMD_CLAIMS_MODEL[Grantee Name]": {
                                        "type": "string"
                                      },
                                      "[Current_Expense_Amount]": {
                                        "type": "integer"
                                      }
                                    },
                                    "required": [
                                      "IMD_CLAIMS_MODEL[Claim ID]",
                                      "IMD_CLAIMS_MODEL[Invoice To Date]",
                                      "IMD_CLAIMS_MODEL[Invoice From Date]",
                                      "IMD_CLAIMS_MODEL[WBS]",
                                      "IMD_CLAIMS_MODEL[Project Number]",
                                      "IMD_CLAIMS_MODEL[Grantee Name]",
                                      "[Current_Expense_Amount]"
                                    ]
                                  }
                                }
                              },
                              "required": [
                                "rows"
                              ]
                            }
                          }
                        },
                        "required": [
                          "tables"
                        ]
                      }
                    },
                    "firstTableRows": {
                      "type": "array",
                      "items": {
                        "type": "object",
                        "properties": {
                          "IMD_CLAIMS_MODEL[Claim ID]": {
                            "type": "string"
                          },
                          "IMD_CLAIMS_MODEL[Invoice To Date]": {
                            "type": "string"
                          },
                          "IMD_CLAIMS_MODEL[Invoice From Date]": {
                            "type": "string"
                          },
                          "IMD_CLAIMS_MODEL[WBS]": {
                            "type": "string"
                          },
                          "IMD_CLAIMS_MODEL[Project Number]": {
                            "type": "string"
                          },
                          "IMD_CLAIMS_MODEL[Grantee Name]": {
                            "type": "string"
                          },
                          "[Current_Expense_Amount]": {
                            "type": "integer"
                          }
                        },
                        "required": [
                          "IMD_CLAIMS_MODEL[Claim ID]",
                          "IMD_CLAIMS_MODEL[Invoice To Date]",
                          "IMD_CLAIMS_MODEL[Invoice From Date]",
                          "IMD_CLAIMS_MODEL[WBS]",
                          "IMD_CLAIMS_MODEL[Project Number]",
                          "IMD_CLAIMS_MODEL[Grantee Name]",
                          "[Current_Expense_Amount]"
                        ]
                      }
                    }
                  }
                }
              }
            }
          }
        }
      }
    },
    "templateName": null
  },
  "schemaVersion": "1.0.0.0"
}