{
  "properties": {
    "connectionReferences": {
      "shared_powerbi": {
        "runtimeSource": "embedded",
        "connection": {
          "connectionReferenceLogicalName": "forcast_UC7_IA0005_Power_BI"
        },
        "api": {
          "name": "shared_powerbi"
        }
      }
    },
    "definition": {
      "$schema": "https://schema.management.azure.com/providers/Microsoft.Logic/schemas/2016-06-01/workflowdefinition.json#",
      "contentVersion": "undefined",
      "parameters": {
        "$connections": {
          "defaultValue": {},
          "type": "Object"
        },
        "$authentication": {
          "defaultValue": {},
          "type": "SecureObject"
        },
        "CPIDP_SemanticModelWorkspaceName (iancdot_CPIDP_SemanticModelWorkspaceName)": {
          "defaultValue": "2c61d948-8105-4228-b087-0a26eddb8ed4",
          "type": "String",
          "metadata": {
            "schemaName": "iancdot_CPIDP_SemanticModelWorkspaceName"
          }
        },
        "CPIDP_SemanticModelAttachmentsID (iancdot_CPIDP_SemanticModelAttachmentsID)": {
          "defaultValue": "8505cb38-81f1-4494-ad06-33b6dea988e2",
          "type": "String",
          "metadata": {
            "schemaName": "iancdot_CPIDP_SemanticModelAttachmentsID"
          }
        },
        "CPID_AttachementsDAX_Query (iancdot_CPID_AttachementsDAX_Query)": {
          "defaultValue": "DEFINE     VAR __DS0FilterTable =          FILTER(             KEEPFILTERS(VALUES('IMD_CLAIM_ATTACHMENTS'[Claim Id])),             'IMD_CLAIM_ATTACHMENTS'[Claim Id] = \"%ClaimID%\"         )     VAR __DS0Core =          CALCULATETABLE(             ADDCOLUMNS(                 SUMMARIZE(                     'IMD_CLAIM_ATTACHMENTS',                     'IMD_CLAIM_ATTACHMENTS'[Claim Id],                     'IMD_CLAIM_ATTACHMENTS'[URL],                     'IMD_CLAIM_ATTACHMENTS'[File Name],                     'IMD_CLAIM_ATTACHMENTS'[Attachment Created Time]                 ),                 \"FormattedAttachmentCreatedTime\",                  FORMAT('IMD_CLAIM_ATTACHMENTS'[Attachment Created Time], \"yyyyMMddHHmmss\")              ),             KEEPFILTERS(__DS0FilterTable)         )     VAR __DS0PrimaryWindowed =          TOPN(             501,             __DS0Core,             'IMD_CLAIM_ATTACHMENTS'[Claim Id],             1,             'IMD_CLAIM_ATTACHMENTS'[Attachment Created Time],             1,             'IMD_CLAIM_ATTACHMENTS'[URL],             1,             'IMD_CLAIM_ATTACHMENTS'[File Name],             1         ) EVALUATE     __DS0PrimaryWindowed ORDER BY     'IMD_CLAIM_ATTACHMENTS'[Claim Id],     'IMD_CLAIM_ATTACHMENTS'[Attachment Created Time],     'IMD_CLAIM_ATTACHMENTS'[URL],     'IMD_CLAIM_ATTACHMENTS'[File Name]",
          "type": "String",
          "metadata": {
            "schemaName": "iancdot_CPID_AttachementsDAX_Query"
          }
        }
      },
      "triggers": {
        "manual": {
          "metadata": {
            "operationMetadataId": "f71ac9b7-f1d2-4f0d-863f-9e1571edf2ba"
          },
          "type": "Request",
          "kind": "Button",
          "inputs": {
            "schema": {
              "type": "object",
              "properties": {
                "text": {
                  "description": " ",
                  "title": "ClaimID",
                  "type": "string",
                  "x-ms-content-hint": "TEXT",
                  "x-ms-dynamically-added": true
                }
              },
              "required": [
                "text"
              ]
            }
          }
        }
      },
      "actions": {
        "Parse_JSON_-_Attachments": {
          "runAfter": {
            "DAX_Query_-_Attachments": [
              "Succeeded"
            ]
          },
          "metadata": {
            "operationMetadataId": "063a250d-5663-4f2b-b492-63d51b52fbcc"
          },
          "type": "ParseJson",
          "inputs": {
            "content": "@body('DAX_Query_-_Attachments')",
            "schema": {
              "type": "object",
              "properties": {
                "statusCode": {
                  "type": "integer"
                },
                "headers": {
                  "type": "object",
                  "properties": {
                    "Cache-Control": {
                      "type": "string"
                    },
                    "Pragma": {
                      "type": "string"
                    },
                    "Transfer-Encoding": {
                      "type": "string"
                    },
                    "Strict-Transport-Security": {
                      "type": "string"
                    },
                    "X-Frame-Options": {
                      "type": "string"
                    },
                    "X-Content-Type-Options": {
                      "type": "string"
                    },
                    "RequestId": {
                      "type": "string"
                    },
                    "Access-Control-Expose-Headers": {
                      "type": "string"
                    },
                    "Timing-Allow-Origin": {
                      "type": "string"
                    },
                    "x-ms-apihub-cached-response": {
                      "type": "string"
                    },
                    "x-ms-apihub-obo": {
                      "type": "string"
                    },
                    "Date": {
                      "type": "string"
                    },
                    "Content-Type": {
                      "type": "string"
                    },
                    "Content-Length": {
                      "type": "string"
                    }
                  }
                },
                "body": {
                  "type": "object",
                  "properties": {
                    "results": {
                      "type": "array",
                      "items": {
                        "type": "object",
                        "properties": {
                          "tables": {
                            "type": "array",
                            "items": {
                              "type": "object",
                              "properties": {
                                "rows": {
                                  "type": "array",
                                  "items": {
                                    "type": "object",
                                    "properties": {
                                      "IMD_CLAIMS_MODEL[Claim ID]": {
                                        "type": "string"
                                      },
                                      "IMD_CLAIMS_MODEL[Invoice To Date]": {
                                        "type": "string"
                                      },
                                      "IMD_CLAIMS_MODEL[Invoice From Date]": {
                                        "type": "string"
                                      },
                                      "IMD_CLAIMS_MODEL[WBS]": {
                                        "type": "string"
                                      },
                                      "IMD_CLAIMS_MODEL[Project Number]": {
                                        "type": "string"
                                      },
                                      "IMD_CLAIMS_MODEL[Grantee Name]": {
                                        "type": "string"
                                      },
                                      "[Current_Expense_Amount]": {
                                        "type": "integer"
                                      }
                                    },
                                    "required": [
                                      "IMD_CLAIMS_MODEL[Claim ID]",
                                      "IMD_CLAIMS_MODEL[Invoice To Date]",
                                      "IMD_CLAIMS_MODEL[Invoice From Date]",
                                      "IMD_CLAIMS_MODEL[WBS]",
                                      "IMD_CLAIMS_MODEL[Project Number]",
                                      "IMD_CLAIMS_MODEL[Grantee Name]",
                                      "[Current_Expense_Amount]"
                                    ]
                                  }
                                }
                              },
                              "required": [
                                "rows"
                              ]
                            }
                          }
                        },
                        "required": [
                          "tables"
                        ]
                      }
                    },
                    "firstTableRows": {
                      "type": "array",
                      "items": {
                        "type": "object",
                        "properties": {
                          "IMD_CLAIMS_MODEL[Claim ID]": {
                            "type": "string"
                          },
                          "IMD_CLAIMS_MODEL[Invoice To Date]": {
                            "type": "string"
                          },
                          "IMD_CLAIMS_MODEL[Invoice From Date]": {
                            "type": "string"
                          },
                          "IMD_CLAIMS_MODEL[WBS]": {
                            "type": "string"
                          },
                          "IMD_CLAIMS_MODEL[Project Number]": {
                            "type": "string"
                          },
                          "IMD_CLAIMS_MODEL[Grantee Name]": {
                            "type": "string"
                          },
                          "[Current_Expense_Amount]": {
                            "type": "integer"
                          }
                        },
                        "required": [
                          "IMD_CLAIMS_MODEL[Claim ID]",
                          "IMD_CLAIMS_MODEL[Invoice To Date]",
                          "IMD_CLAIMS_MODEL[Invoice From Date]",
                          "IMD_CLAIMS_MODEL[WBS]",
                          "IMD_CLAIMS_MODEL[Project Number]",
                          "IMD_CLAIMS_MODEL[Grantee Name]",
                          "[Current_Expense_Amount]"
                        ]
                      }
                    }
                  }
                }
              }
            }
          }
        },
        "DAX_Query_-_Attachments": {
          "runAfter": {
            "Compose_-_Replace_ClaimID_-_Attachments": [
              "Succeeded"
            ]
          },
          "metadata": {
            "operationMetadataId": "20a12c18-f2ee-43b5-bacf-1c2b547c0e8d"
          },
          "type": "OpenApiConnection",
          "inputs": {
            "host": {
              "connectionName": "shared_powerbi",
              "operationId": "ExecuteDatasetQuery",
              "apiId": "/providers/Microsoft.PowerApps/apis/shared_powerbi"
            },
            "parameters": {
              "groupid": "@parameters('CPIDP_SemanticModelWorkspaceName (iancdot_CPIDP_SemanticModelWorkspaceName)')",
              "datasetid": "@parameters('CPIDP_SemanticModelAttachmentsID (iancdot_CPIDP_SemanticModelAttachmentsID)')",
              "specification/query": "@outputs('Compose_-_Replace_ClaimID_-_Attachments')",
              "specification/serializerSettings/includeNulls": false
            },
            "authentication": {
              "type": "Raw",
              "value": "@json(decodeBase64(triggerOutputs().headers['X-MS-APIM-Tokens']))['$ConnectionKey']"
            }
          }
        },
        "Select_-_Attachments_Table_Columns": {
          "runAfter": {
            "Parse_JSON_-_Attachments": [
              "Succeeded"
            ]
          },
          "metadata": {
            "operationMetadataId": "90ab6724-30df-4917-860e-3924a4e594ee"
          },
          "type": "Select",
          "inputs": {
            "from": "@body('Parse_JSON_-_Attachments')?['results'][0]['tables'][0]['rows']",
            "select": {
              "File Name": "@item()?['IMD_CLAIM_ATTACHMENTS[File Name]']",
              "Attachment Created Time": "@Item()?['[FormattedAttachmentCreatedTime]']",
              "Attachment URL": "@item()?['IMD_CLAIM_ATTACHMENTS[URL]']"
            }
          }
        },
        "Compose_-_Replace_ClaimID_-_Attachments": {
          "runAfter": {},
          "metadata": {
            "operationMetadataId": "d6e2e4b2-9252-4af8-bdec-942f5c4df1da"
          },
          "type": "Compose",
          "inputs": "@replace(parameters('CPID_AttachementsDAX_Query (iancdot_CPID_AttachementsDAX_Query)'),'%ClaimID%',triggerBody()?['text'])"
        },
        "Respond_Expense_Data_to_a_Power_App_or_flow": {
          "runAfter": {
            "Select_-_Attachments_Table_Columns": [
              "Succeeded"
            ]
          },
          "metadata": {
            "operationMetadataId": "fae725a9-009a-41a9-8792-c4854d74a449"
          },
          "type": "Response",
          "kind": "PowerApp",
          "inputs": {
            "statusCode": 200,
            "body": {
              "ebs_attachments_data": "@body('Select_-_Attachments_Table_Columns')",
              "runflag": "Yes"
            },
            "schema": {
              "type": "object",
              "properties": {
                "ebs_attachments_data": {
                  "title": "EBS_Attachments_Data",
                  "x-ms-dynamically-added": true,
                  "type": "string"
                },
                "runflag": {
                  "title": "RunFlag",
                  "x-ms-dynamically-added": true,
                  "type": "boolean"
                }
              }
            }
          }
        },
        "Respond_Expense_Data_to_a_Power_App_or_flow-NA": {
          "runAfter": {
            "DAX_Query_-_Attachments": [
              "TimedOut",
              "Skipped",
              "Failed"
            ]
          },
          "metadata": {
            "operationMetadataId": "fae725a9-009a-41a9-8792-c4854d74a449"
          },
          "type": "Response",
          "kind": "PowerApp",
          "inputs": {
            "statusCode": 200,
            "body": {
              "ebs_attachments_data": "NA",
              "runflag": "No"
            },
            "schema": {
              "type": "object",
              "properties": {
                "ebs_attachments_data": {
                  "title": "EBS_Attachments_Data",
                  "x-ms-dynamically-added": true,
                  "type": "string"
                },
                "runflag": {
                  "title": "RunFlag",
                  "x-ms-dynamically-added": true,
                  "type": "boolean"
                }
              }
            }
          }
        }
      }
    },
    "templateName": ""
  },
  "schemaVersion": "1.0.0.0"
}