{
  "properties": {
    "connectionReferences": {
      "shared_powerbi_1": {
        "runtimeSource": "embedded",
        "connection": {
          "connectionReferenceLogicalName": "iancdot_UC2_BI_Connection"
        },
        "api": {
          "name": "shared_powerbi"
        }
      }
    },
    "definition": {
      "$schema": "https://schema.management.azure.com/providers/Microsoft.Logic/schemas/2016-06-01/workflowdefinition.json#",
      "contentVersion": "undefined",
      "parameters": {
        "$connections": {
          "defaultValue": {},
          "type": "Object"
        },
        "$authentication": {
          "defaultValue": {},
          "type": "SecureObject"
        },
        "CPIDP_SemanticModelClaimsDataID (iancdot_CPIDP_SemanticModelClaimsDataID)": {
          "defaultValue": "80b0e184-f970-48b4-af65-11461f7e0472",
          "type": "String",
          "metadata": {
            "schemaName": "iancdot_CPIDP_SemanticModelClaimsDataID"
          }
        },
        "CPIDP_SemanticModelWorkspaceName (iancdot_CPIDP_SemanticModelWorkspaceName)": {
          "defaultValue": "2c61d948-8105-4228-b087-0a26eddb8ed4",
          "type": "String",
          "metadata": {
            "schemaName": "iancdot_CPIDP_SemanticModelWorkspaceName"
          }
        },
        "CPIDP_PRF_DAX_Query (iancdot_CPIDP_PRDF_DAX_Query)": {
          "defaultValue": "DEFINE     VAR __DS0FilterTable =          TREATAS({\"%ClaimID%\"}, 'IMD_CLAIMS_MODEL'[Claim ID])     VAR __DS0FilterTable2 =          FILTER(             KEEPFILTERS(VALUES('IMD_CLAIMS_MODEL'[Program ID/Name])),             NOT(ISBLANK('IMD_CLAIMS_MODEL'[Program ID/Name]))         )     VAR __DS0Core =          CALCULATETABLE(             SUMMARIZE(                 'IMD_CLAIMS_MODEL',                 'IMD_CLAIMS_MODEL'[Claim ID],                 'IMD_CLAIMS_MODEL'[Program ID/Name],                 'IMD_CLAIMS_MODEL'[WBS],                 'IMD_CLAIMS_MODEL'[Project Number],                 'IMD_CLAIMS_MODEL'[Invoice From Date],                 'IMD_CLAIMS_MODEL'[Invoice To Date]             ),             KEEPFILTERS(__DS0FilterTable),             KEEPFILTERS(__DS0FilterTable2)         )     VAR __DS0PrimaryWindowed =          TOPN(             501,             __DS0Core,             'IMD_CLAIMS_MODEL'[Claim ID],             1,             'IMD_CLAIMS_MODEL'[Program ID/Name],             1,             'IMD_CLAIMS_MODEL'[WBS],             1,             'IMD_CLAIMS_MODEL'[Project Number],             1,             'IMD_CLAIMS_MODEL'[Invoice From Date],             1,             'IMD_CLAIMS_MODEL'[Invoice To Date],             1         ) EVALUATE     __DS0PrimaryWindowed ORDER BY     'IMD_CLAIMS_MODEL'[Claim ID],     'IMD_CLAIMS_MODEL'[Program ID/Name],     'IMD_CLAIMS_MODEL'[WBS],     'IMD_CLAIMS_MODEL'[Project Number],     'IMD_CLAIMS_MODEL'[Invoice From Date],     'IMD_CLAIMS_MODEL'[Invoice To Date]",
          "type": "String",
          "metadata": {
            "schemaName": "iancdot_CPIDP_PRDF_DAX_Query"
          }
        }
      },
      "triggers": {
        "manual": {
          "metadata": {
            "operationMetadataId": "f71ac9b7-f1d2-4f0d-863f-9e1571edf2ba"
          },
          "type": "Request",
          "kind": "Button",
          "inputs": {
            "schema": {
              "type": "object",
              "properties": {
                "text": {
                  "description": "Please enter your input",
                  "title": "ClaimID",
                  "type": "string",
                  "x-ms-content-hint": "TEXT",
                  "x-ms-dynamically-added": true
                }
              },
              "required": [
                "text"
              ]
            }
          }
        }
      },
      "actions": {
        "Parse_JSON_-_PRF": {
          "runAfter": {
            "DAX_Query_-_PRF": [
              "Succeeded"
            ]
          },
          "metadata": {
            "operationMetadataId": "063a250d-5663-4f2b-b492-63d51b52fbcc"
          },
          "type": "ParseJson",
          "inputs": {
            "content": "@body('DAX_Query_-_PRF')",
            "schema": {
              "type": "object",
              "properties": {
                "statusCode": {
                  "type": "integer"
                },
                "headers": {
                  "type": "object",
                  "properties": {
                    "Cache-Control": {
                      "type": "string"
                    },
                    "Pragma": {
                      "type": "string"
                    },
                    "Transfer-Encoding": {
                      "type": "string"
                    },
                    "Strict-Transport-Security": {
                      "type": "string"
                    },
                    "X-Frame-Options": {
                      "type": "string"
                    },
                    "X-Content-Type-Options": {
                      "type": "string"
                    },
                    "RequestId": {
                      "type": "string"
                    },
                    "Access-Control-Expose-Headers": {
                      "type": "string"
                    },
                    "Timing-Allow-Origin": {
                      "type": "string"
                    },
                    "x-ms-apihub-cached-response": {
                      "type": "string"
                    },
                    "x-ms-apihub-obo": {
                      "type": "string"
                    },
                    "Date": {
                      "type": "string"
                    },
                    "Content-Type": {
                      "type": "string"
                    },
                    "Content-Length": {
                      "type": "string"
                    }
                  }
                },
                "body": {
                  "type": "object",
                  "properties": {
                    "results": {
                      "type": "array",
                      "items": {
                        "type": "object",
                        "properties": {
                          "tables": {
                            "type": "array",
                            "items": {
                              "type": "object",
                              "properties": {
                                "rows": {
                                  "type": "array",
                                  "items": {
                                    "type": "object",
                                    "properties": {
                                      "IMD_CLAIMS_MODEL[Claim ID]": {
                                        "type": "string"
                                      },
                                      "IMD_CLAIMS_MODEL[Invoice To Date]": {
                                        "type": "string"
                                      },
                                      "IMD_CLAIMS_MODEL[Invoice From Date]": {
                                        "type": "string"
                                      },
                                      "IMD_CLAIMS_MODEL[WBS]": {
                                        "type": "string"
                                      },
                                      "IMD_CLAIMS_MODEL[Project Number]": {
                                        "type": "string"
                                      },
                                      "IMD_CLAIMS_MODEL[Grantee Name]": {
                                        "type": "string"
                                      },
                                      "[Current_Expense_Amount]": {
                                        "type": "integer"
                                      }
                                    },
                                    "required": [
                                      "IMD_CLAIMS_MODEL[Claim ID]",
                                      "IMD_CLAIMS_MODEL[Invoice To Date]",
                                      "IMD_CLAIMS_MODEL[Invoice From Date]",
                                      "IMD_CLAIMS_MODEL[WBS]",
                                      "IMD_CLAIMS_MODEL[Project Number]",
                                      "IMD_CLAIMS_MODEL[Grantee Name]",
                                      "[Current_Expense_Amount]"
                                    ]
                                  }
                                }
                              },
                              "required": [
                                "rows"
                              ]
                            }
                          }
                        },
                        "required": [
                          "tables"
                        ]
                      }
                    },
                    "firstTableRows": {
                      "type": "array",
                      "items": {
                        "type": "object",
                        "properties": {
                          "IMD_CLAIMS_MODEL[Claim ID]": {
                            "type": "string"
                          },
                          "IMD_CLAIMS_MODEL[Invoice To Date]": {
                            "type": "string"
                          },
                          "IMD_CLAIMS_MODEL[Invoice From Date]": {
                            "type": "string"
                          },
                          "IMD_CLAIMS_MODEL[WBS]": {
                            "type": "string"
                          },
                          "IMD_CLAIMS_MODEL[Project Number]": {
                            "type": "string"
                          },
                          "IMD_CLAIMS_MODEL[Grantee Name]": {
                            "type": "string"
                          },
                          "[Current_Expense_Amount]": {
                            "type": "integer"
                          }
                        },
                        "required": [
                          "IMD_CLAIMS_MODEL[Claim ID]",
                          "IMD_CLAIMS_MODEL[Invoice To Date]",
                          "IMD_CLAIMS_MODEL[Invoice From Date]",
                          "IMD_CLAIMS_MODEL[WBS]",
                          "IMD_CLAIMS_MODEL[Project Number]",
                          "IMD_CLAIMS_MODEL[Grantee Name]",
                          "[Current_Expense_Amount]"
                        ]
                      }
                    }
                  }
                }
              }
            }
          }
        },
        "DAX_Query_-_PRF": {
          "runAfter": {
            "Compose_-_Replace_ClaimID_-_PRF": [
              "Succeeded"
            ]
          },
          "metadata": {
            "operationMetadataId": "42e25256-4104-4700-9f6b-453ce2abcde1"
          },
          "type": "OpenApiConnection",
          "inputs": {
            "host": {
              "connectionName": "shared_powerbi_1",
              "operationId": "ExecuteDatasetQuery",
              "apiId": "/providers/Microsoft.PowerApps/apis/shared_powerbi"
            },
            "parameters": {
              "groupid": "@parameters('CPIDP_SemanticModelWorkspaceName (iancdot_CPIDP_SemanticModelWorkspaceName)')",
              "datasetid": "@parameters('CPIDP_SemanticModelClaimsDataID (iancdot_CPIDP_SemanticModelClaimsDataID)')",
              "specification/query": "@outputs('Compose_-_Replace_ClaimID_-_PRF')",
              "specification/serializerSettings/includeNulls": false
            },
            "authentication": {
              "type": "Raw",
              "value": "@json(decodeBase64(triggerOutputs().headers['X-MS-APIM-Tokens']))['$ConnectionKey']"
            }
          }
        },
        "Select_-_PRF_Columns": {
          "runAfter": {
            "Parse_JSON_-_PRF": [
              "Succeeded"
            ]
          },
          "metadata": {
            "operationMetadataId": "f894ffdc-f8e9-4a37-8ce4-52e4ffcb048b"
          },
          "type": "Select",
          "inputs": {
            "from": "@body('Parse_JSON_-_PRF')?['results'][0]['tables'][0]['rows']",
            "select": {
              "Claim ID": "@item()?['IMD_CLAIMS_MODEL[Claim ID]']",
              "Invoice To Date": "@item()?['IMD_CLAIMS_MODEL[Invoice To Date]']",
              "Invoice From Date": "@item()['IMD_CLAIMS_MODEL[Invoice From Date]']",
              "WBS Element": "@item()?['IMD_CLAIMS_MODEL[WBS]']",
              "Project Number": "@item()?['IMD_CLAIMS_MODEL[Project Number]']",
              "Project Name": "@item()?['IMD_CLAIMS_MODEL[Program ID/Name]']"
            }
          }
        },
        "Compose_-_Replace_ClaimID_-_PRF": {
          "runAfter": {},
          "metadata": {
            "operationMetadataId": "3044ea64-27b1-46d1-9765-f15b16674dfc"
          },
          "type": "Compose",
          "inputs": "@replace(parameters('CPIDP_PRF_DAX_Query (iancdot_CPIDP_PRDF_DAX_Query)'),'%ClaimID%',triggerBody()?['text'])"
        },
        "Respond_PRF_Data_to_a_Power_App_or_flow": {
          "runAfter": {
            "Select_-_PRF_Columns": [
              "Succeeded"
            ]
          },
          "metadata": {
            "operationMetadataId": "fae725a9-009a-41a9-8792-c4854d74a449"
          },
          "type": "Response",
          "kind": "PowerApp",
          "inputs": {
            "statusCode": 200,
            "body": {
              "ebs_prf_data": "@body('Select_-_PRF_Columns')",
              "runflag": "Yes"
            },
            "schema": {
              "type": "object",
              "properties": {
                "ebs_prf_data": {
                  "title": "EBS_PRF_Data",
                  "x-ms-dynamically-added": true,
                  "type": "string"
                },
                "runflag": {
                  "title": "RunFlag",
                  "x-ms-dynamically-added": true,
                  "type": "boolean"
                }
              }
            }
          }
        },
        "Respond_PRF_Data_to_a_Power_App_or_flow-NA": {
          "runAfter": {
            "DAX_Query_-_PRF": [
              "TimedOut",
              "Skipped",
              "Failed"
            ]
          },
          "metadata": {
            "operationMetadataId": "fae725a9-009a-41a9-8792-c4854d74a449"
          },
          "type": "Response",
          "kind": "PowerApp",
          "inputs": {
            "statusCode": 200,
            "body": {
              "ebs_prf_data": "NA",
              "runflag": "No"
            },
            "schema": {
              "type": "object",
              "properties": {
                "ebs_prf_data": {
                  "title": "EBS_PRF_Data",
                  "x-ms-dynamically-added": true,
                  "type": "string"
                },
                "runflag": {
                  "title": "RunFlag",
                  "x-ms-dynamically-added": true,
                  "type": "boolean"
                }
              }
            }
          }
        }
      }
    },
    "templateName": ""
  },
  "schemaVersion": "1.0.0.0"
}