{
  "properties": {
    "connectionReferences": {
      "shared_powerbi_1": {
        "runtimeSource": "embedded",
        "connection": {
          "connectionReferenceLogicalName": "iancdot_UC2_BI_Connection"
        },
        "api": {
          "name": "shared_powerbi"
        }
      }
    },
    "definition": {
      "$schema": "https://schema.management.azure.com/providers/Microsoft.Logic/schemas/2016-06-01/workflowdefinition.json#",
      "contentVersion": "undefined",
      "parameters": {
        "$connections": {
          "defaultValue": {},
          "type": "Object"
        },
        "$authentication": {
          "defaultValue": {},
          "type": "SecureObject"
        },
        "CPIDP_SemanticModelClaimsDataID (iancdot_CPIDP_SemanticModelClaimsDataID)": {
          "defaultValue": "80b0e184-f970-48b4-af65-11461f7e0472",
          "type": "String",
          "metadata": {
            "schemaName": "iancdot_CPIDP_SemanticModelClaimsDataID"
          }
        },
        "CPIDP_SemanticModelWorkspaceName (iancdot_CPIDP_SemanticModelWorkspaceName)": {
          "defaultValue": "2c61d948-8105-4228-b087-0a26eddb8ed4",
          "type": "String",
          "metadata": {
            "schemaName": "iancdot_CPIDP_SemanticModelWorkspaceName"
          }
        }
      },
      "triggers": {
        "manual": {
          "metadata": {
            "operationMetadataId": "f71ac9b7-f1d2-4f0d-863f-9e1571edf2ba"
          },
          "type": "Request",
          "kind": "Button",
          "inputs": {
            "schema": {
              "type": "object",
              "properties": {
                "text": {
                  "description": "Please enter your input",
                  "title": "ClaimID",
                  "type": "string",
                  "x-ms-content-hint": "TEXT",
                  "x-ms-dynamically-added": true
                }
              },
              "required": [
                "text"
              ]
            }
          }
        }
      },
      "actions": {
        "DAX_Query_-_Cover_Sheet": {
          "runAfter": {
            "Compose_-_Replace_ClaimID_-_Cover_Sheet": [
              "Succeeded"
            ]
          },
          "metadata": {
            "operationMetadataId": "4d878054-03f1-4513-9130-39bf661089ba"
          },
          "type": "OpenApiConnection",
          "inputs": {
            "host": {
              "connectionName": "shared_powerbi_1",
              "operationId": "ExecuteDatasetQuery",
              "apiId": "/providers/Microsoft.PowerApps/apis/shared_powerbi"
            },
            "parameters": {
              "groupid": "@parameters('CPIDP_SemanticModelWorkspaceName (iancdot_CPIDP_SemanticModelWorkspaceName)')",
              "datasetid": "@parameters('CPIDP_SemanticModelClaimsDataID (iancdot_CPIDP_SemanticModelClaimsDataID)')",
              "specification/query": "@outputs('Compose_-_Replace_ClaimID_-_Cover_Sheet')",
              "specification/serializerSettings/includeNulls": false
            },
            "authentication": {
              "type": "Raw",
              "value": "@json(decodeBase64(triggerOutputs().headers['X-MS-APIM-Tokens']))['$ConnectionKey']"
            }
          }
        },
        "Select_-_Cover_Sheet_Columns": {
          "runAfter": {
            "Parse_JSON_-_Cover_Sheet": [
              "Succeeded"
            ]
          },
          "metadata": {
            "operationMetadataId": "b0a775fe-1d17-4bae-a18e-671f74d2f8b0"
          },
          "type": "Select",
          "inputs": {
            "from": "@body('Parse_JSON_-_Cover_Sheet')?['results'][0]['tables'][0]['rows']",
            "select": {
              "Claim ID": "@item()?['IMD_CLAIMS_MODEL[Claim ID]']",
              "Invoice Number": "@item()?['IMD_CLAIMS_MODEL[Invoice Number]']",
              "Agreement Number": "@item()?['IMD_CLAIMS_MODEL[Agreement Number]']",
              "Claim Prepared Date": "@item()?['IMD_CLAIMS_MODEL[Claim Prepared Date]']",
              "Project sponsor Mailing address": "@item()?['IMD_CLAIMS_MODEL[Project sponsor Mailing address]']",
              "Invoice From Date": "@item()?['IMD_CLAIMS_MODEL[Invoice From Date]']",
              "Invoice To Date": "@item()?['IMD_CLAIMS_MODEL[Invoice To Date]']",
              "Total Funding": "@item()?['[Total_Funding_Int]']"
            }
          }
        },
        "Compose_-_Replace_ClaimID_-_Cover_Sheet": {
          "runAfter": {
            "Initialize_variable_-_Set_Cover_Sheet_DAX_query": [
              "Succeeded"
            ]
          },
          "metadata": {
            "operationMetadataId": "8795c23f-a4d0-4146-b924-a1145213cb6b"
          },
          "type": "Compose",
          "inputs": "@replace(variables('CoverSheetDAX_Query'),'%ClaimID%',triggerBody()?['text'])"
        },
        "Initialize_variable_-_Set_Cover_Sheet_DAX_query": {
          "runAfter": {},
          "metadata": {
            "operationMetadataId": "77d052b2-1772-42b8-85a5-0f148076500f"
          },
          "type": "InitializeVariable",
          "inputs": {
            "variables": [
              {
                "name": "CoverSheetDAX_Query",
                "type": "string",
                "value": "DEFINE\n   VAR __DS0FilterTable = \n       TREATAS({\"%ClaimID%\"}, 'IMD_CLAIMS_MODEL'[Claim ID])\n   VAR __DS0Core = \n       SUMMARIZECOLUMNS(\n           'IMD_CLAIMS_MODEL'[Claim ID],\n           'IMD_CLAIMS_MODEL'[Invoice Number],\n           'IMD_CLAIMS_MODEL'[Agreement Number],\n           'IMD_CLAIMS_MODEL'[Claim Prepared Date],\n           'IMD_CLAIMS_MODEL'[Project sponsor Mailing address],\n           'IMD_CLAIMS_MODEL'[Invoice From Date],\n           'IMD_CLAIMS_MODEL'[Invoice To Date],\n           __DS0FilterTable,\n           \"Total_Funding_Int\",\n               ROUND(\n                   SUMX(\n                       SUMMARIZE(\n                           'IMD_CLAIMS_MODEL',\n                           'IMD_CLAIMS_MODEL'[Claim ID],\n                           'IMD_CLAIMS_MODEL'[Invoice Number],\n                           'IMD_CLAIMS_MODEL'[Agreement Number],\n                           'IMD_CLAIMS_MODEL'[Claim Prepared Date],\n                           'IMD_CLAIMS_MODEL'[Project sponsor Mailing address],\n                           'IMD_CLAIMS_MODEL'[Invoice From Date],\n                           'IMD_CLAIMS_MODEL'[Invoice To Date],\n                           \"Total_Funding\",\n                               'IMD_CLAIMS_MODEL'[Federal Funding Amount] + 'IMD_CLAIMS_MODEL'[Local Funding Amount]\n                       ),\n                       [Total_Funding]\n                   ),\n                   0\n               )\n       )\n   VAR __DS0PrimaryWindowed = \n       TOPN(\n           502,\n           __DS0Core,\n           'IMD_CLAIMS_MODEL'[Claim ID],\n           1,\n           'IMD_CLAIMS_MODEL'[Invoice Number],\n           1,\n           'IMD_CLAIMS_MODEL'[Agreement Number],\n           1,\n           'IMD_CLAIMS_MODEL'[Claim Prepared Date],\n           1,\n           'IMD_CLAIMS_MODEL'[Project sponsor Mailing address],\n           1,\n           'IMD_CLAIMS_MODEL'[Invoice From Date],\n           1,\n           'IMD_CLAIMS_MODEL'[Invoice To Date],\n           1\n       )\nEVALUATE\n   __DS0PrimaryWindowed\nORDER BY\n   'IMD_CLAIMS_MODEL'[Claim ID],\n   'IMD_CLAIMS_MODEL'[Invoice Number],\n   'IMD_CLAIMS_MODEL'[Agreement Number],\n   'IMD_CLAIMS_MODEL'[Claim Prepared Date],\n   'IMD_CLAIMS_MODEL'[Project sponsor Mailing address],\n   'IMD_CLAIMS_MODEL'[Invoice From Date],\n   'IMD_CLAIMS_MODEL'[Invoice To Date]"
              }
            ]
          }
        },
        "Respond_Cover_Sheet_Data_to_a_Power_App_or_flow": {
          "runAfter": {
            "Select_-_Cover_Sheet_Columns": [
              "Succeeded"
            ]
          },
          "metadata": {
            "operationMetadataId": "fae725a9-009a-41a9-8792-c4854d74a449"
          },
          "type": "Response",
          "kind": "PowerApp",
          "inputs": {
            "statusCode": 200,
            "body": {
              "ebs_coversheetdata": "@body('Select_-_Cover_Sheet_Columns')",
              "runflag": "Yes"
            },
            "schema": {
              "type": "object",
              "properties": {
                "ebs_coversheetdata": {
                  "title": "EBS_CoverSheetData",
                  "x-ms-dynamically-added": true,
                  "type": "string"
                },
                "runflag": {
                  "title": "RunFlag",
                  "x-ms-dynamically-added": true,
                  "type": "boolean"
                }
              }
            }
          }
        },
        "Respond_Cover_Sheet_Data_to_a_Power_App_or_flow-NA": {
          "runAfter": {
            "DAX_Query_-_Cover_Sheet": [
              "TimedOut",
              "Skipped",
              "Failed"
            ]
          },
          "metadata": {
            "operationMetadataId": "fae725a9-009a-41a9-8792-c4854d74a449"
          },
          "type": "Response",
          "kind": "PowerApp",
          "inputs": {
            "statusCode": 200,
            "body": {
              "ebs_coversheetdata": "NA",
              "runflag": "No"
            },
            "schema": {
              "type": "object",
              "properties": {
                "ebs_coversheetdata": {
                  "title": "EBS_CoverSheetData",
                  "x-ms-dynamically-added": true,
                  "type": "string"
                },
                "runflag": {
                  "title": "RunFlag",
                  "x-ms-dynamically-added": true,
                  "type": "boolean"
                }
              }
            }
          }
        },
        "Parse_JSON_-_Cover_Sheet": {
          "runAfter": {
            "DAX_Query_-_Cover_Sheet": [
              "Succeeded"
            ]
          },
          "metadata": {
            "operationMetadataId": "063a250d-5663-4f2b-b492-63d51b52fbcc"
          },
          "type": "ParseJson",
          "inputs": {
            "content": "@body('DAX_Query_-_Cover_Sheet')",
            "schema": {
              "type": "object",
              "properties": {
                "statusCode": {
                  "type": "integer"
                },
                "headers": {
                  "type": "object",
                  "properties": {
                    "Cache-Control": {
                      "type": "string"
                    },
                    "Pragma": {
                      "type": "string"
                    },
                    "Transfer-Encoding": {
                      "type": "string"
                    },
                    "Strict-Transport-Security": {
                      "type": "string"
                    },
                    "X-Frame-Options": {
                      "type": "string"
                    },
                    "X-Content-Type-Options": {
                      "type": "string"
                    },
                    "RequestId": {
                      "type": "string"
                    },
                    "Access-Control-Expose-Headers": {
                      "type": "string"
                    },
                    "Timing-Allow-Origin": {
                      "type": "string"
                    },
                    "x-ms-apihub-cached-response": {
                      "type": "string"
                    },
                    "x-ms-apihub-obo": {
                      "type": "string"
                    },
                    "Date": {
                      "type": "string"
                    },
                    "Content-Type": {
                      "type": "string"
                    },
                    "Content-Length": {
                      "type": "string"
                    }
                  }
                },
                "body": {
                  "type": "object",
                  "properties": {
                    "results": {
                      "type": "array",
                      "items": {
                        "type": "object",
                        "properties": {
                          "tables": {
                            "type": "array",
                            "items": {
                              "type": "object",
                              "properties": {
                                "rows": {
                                  "type": "array",
                                  "items": {
                                    "type": "object",
                                    "properties": {
                                      "IMD_CLAIMS_MODEL[Claim ID]": {
                                        "type": "string"
                                      },
                                      "IMD_CLAIMS_MODEL[Invoice To Date]": {
                                        "type": "string"
                                      },
                                      "IMD_CLAIMS_MODEL[Invoice From Date]": {
                                        "type": "string"
                                      },
                                      "IMD_CLAIMS_MODEL[WBS]": {
                                        "type": "string"
                                      },
                                      "IMD_CLAIMS_MODEL[Project Number]": {
                                        "type": "string"
                                      },
                                      "IMD_CLAIMS_MODEL[Grantee Name]": {
                                        "type": "string"
                                      },
                                      "[Current_Expense_Amount]": {
                                        "type": "integer"
                                      }
                                    },
                                    "required": [
                                      "IMD_CLAIMS_MODEL[Claim ID]",
                                      "IMD_CLAIMS_MODEL[Invoice To Date]",
                                      "IMD_CLAIMS_MODEL[Invoice From Date]",
                                      "IMD_CLAIMS_MODEL[WBS]",
                                      "IMD_CLAIMS_MODEL[Project Number]",
                                      "IMD_CLAIMS_MODEL[Grantee Name]",
                                      "[Current_Expense_Amount]"
                                    ]
                                  }
                                }
                              },
                              "required": [
                                "rows"
                              ]
                            }
                          }
                        },
                        "required": [
                          "tables"
                        ]
                      }
                    },
                    "firstTableRows": {
                      "type": "array",
                      "items": {
                        "type": "object",
                        "properties": {
                          "IMD_CLAIMS_MODEL[Claim ID]": {
                            "type": "string"
                          },
                          "IMD_CLAIMS_MODEL[Invoice To Date]": {
                            "type": "string"
                          },
                          "IMD_CLAIMS_MODEL[Invoice From Date]": {
                            "type": "string"
                          },
                          "IMD_CLAIMS_MODEL[WBS]": {
                            "type": "string"
                          },
                          "IMD_CLAIMS_MODEL[Project Number]": {
                            "type": "string"
                          },
                          "IMD_CLAIMS_MODEL[Grantee Name]": {
                            "type": "string"
                          },
                          "[Current_Expense_Amount]": {
                            "type": "integer"
                          }
                        },
                        "required": [
                          "IMD_CLAIMS_MODEL[Claim ID]",
                          "IMD_CLAIMS_MODEL[Invoice To Date]",
                          "IMD_CLAIMS_MODEL[Invoice From Date]",
                          "IMD_CLAIMS_MODEL[WBS]",
                          "IMD_CLAIMS_MODEL[Project Number]",
                          "IMD_CLAIMS_MODEL[Grantee Name]",
                          "[Current_Expense_Amount]"
                        ]
                      }
                    }
                  }
                }
              }
            }
          }
        }
      }
    },
    "templateName": ""
  },
  "schemaVersion": "1.0.0.0"
}