{
  "properties": {
    "connectionReferences": {
      "shared_powerbi_1": {
        "runtimeSource": "embedded",
        "connection": {
          "connectionReferenceLogicalName": "iancdot_UC2_BI_Connection"
        },
        "api": {
          "name": "shared_powerbi"
        }
      }
    },
    "definition": {
      "$schema": "https://schema.management.azure.com/providers/Microsoft.Logic/schemas/2016-06-01/workflowdefinition.json#",
      "contentVersion": "undefined",
      "parameters": {
        "$connections": {
          "defaultValue": {},
          "type": "Object"
        },
        "$authentication": {
          "defaultValue": {},
          "type": "SecureObject"
        },
        "CPIDP_SemanticModelWorkspaceName (iancdot_CPIDP_SemanticModelWorkspaceName)": {
          "defaultValue": "2c61d948-8105-4228-b087-0a26eddb8ed4",
          "type": "String",
          "metadata": {
            "schemaName": "iancdot_CPIDP_SemanticModelWorkspaceName"
          }
        },
        "CPIDP_SemanticModelSubContractorID (iancdot_CPIDP_SemanticModelSubContractorID)": {
          "defaultValue": "b5233ebd-e04c-4e77-bde4-2588ea82bfe1",
          "type": "String",
          "metadata": {
            "schemaName": "iancdot_CPIDP_SemanticModelSubContractorID"
          }
        },
        "CPIDP_DBE_Table_DAX_Query (iancdot_CPIDP_DBE_Table_DAX_Query)": {
          "defaultValue": "DEFINE     VAR __DS0FilterTable =         TREATAS({\"%ClaimID%\"}, 'SUB_CONTRACTOR_PAYMENT_MODEL'[Claim ID])     VAR __DS0Core =         SUMMARIZECOLUMNS(             'SUB_CONTRACTOR_PAYMENT_MODEL'[Claim ID],             'SUB_CONTRACTOR_PAYMENT_MODEL'[Payment Date],             'SUB_CONTRACTOR_PAYMENT_MODEL'[SUBCONTRACTOR_NAME],             'SUB_CONTRACTOR_PAYMENT_MODEL'[SUPPLIER_NAME],             'SUB_CONTRACTOR_PAYMENT_MODEL'[Supplier Number],             __DS0FilterTable,             \"Amount\", 'SUB_CONTRACTOR_PAYMENT_MODEL'[Amount]         )     VAR __DS0PrimaryWindowed =         TOPN(             502,             __DS0Core,             'SUB_CONTRACTOR_PAYMENT_MODEL'[Claim ID],             1,             'SUB_CONTRACTOR_PAYMENT_MODEL'[Payment Date],             1,             'SUB_CONTRACTOR_PAYMENT_MODEL'[SUBCONTRACTOR_NAME],             1,             'SUB_CONTRACTOR_PAYMENT_MODEL'[SUPPLIER_NAME],             1,             'SUB_CONTRACTOR_PAYMENT_MODEL'[Supplier Number],             1         ) EVALUATE     __DS0PrimaryWindowed ORDER BY     'SUB_CONTRACTOR_PAYMENT_MODEL'[Claim ID],     'SUB_CONTRACTOR_PAYMENT_MODEL'[Payment Date],     'SUB_CONTRACTOR_PAYMENT_MODEL'[SUBCONTRACTOR_NAME],     'SUB_CONTRACTOR_PAYMENT_MODEL'[SUPPLIER_NAME],     'SUB_CONTRACTOR_PAYMENT_MODEL'[Supplier Number]",
          "type": "String",
          "metadata": {
            "schemaName": "iancdot_CPIDP_DBE_Table_DAX_Query"
          }
        }
      },
      "triggers": {
        "manual": {
          "metadata": {
            "operationMetadataId": "f71ac9b7-f1d2-4f0d-863f-9e1571edf2ba"
          },
          "type": "Request",
          "kind": "Button",
          "inputs": {
            "schema": {
              "type": "object",
              "properties": {
                "text": {
                  "description": " ",
                  "title": "ClaimID",
                  "type": "string",
                  "x-ms-content-hint": "TEXT",
                  "x-ms-dynamically-added": true
                }
              },
              "required": [
                "text"
              ]
            }
          }
        }
      },
      "actions": {
        "Parse_JSON_-_DBE_Table": {
          "runAfter": {
            "DAX_Query_-_DBE_Form_Table": [
              "Succeeded"
            ]
          },
          "metadata": {
            "operationMetadataId": "063a250d-5663-4f2b-b492-63d51b52fbcc"
          },
          "type": "ParseJson",
          "inputs": {
            "content": "@body('DAX_Query_-_DBE_Form_Table')",
            "schema": {
              "type": "object",
              "properties": {
                "statusCode": {
                  "type": "integer"
                },
                "headers": {
                  "type": "object",
                  "properties": {
                    "Cache-Control": {
                      "type": "string"
                    },
                    "Pragma": {
                      "type": "string"
                    },
                    "Transfer-Encoding": {
                      "type": "string"
                    },
                    "Strict-Transport-Security": {
                      "type": "string"
                    },
                    "X-Frame-Options": {
                      "type": "string"
                    },
                    "X-Content-Type-Options": {
                      "type": "string"
                    },
                    "RequestId": {
                      "type": "string"
                    },
                    "Access-Control-Expose-Headers": {
                      "type": "string"
                    },
                    "Timing-Allow-Origin": {
                      "type": "string"
                    },
                    "x-ms-apihub-cached-response": {
                      "type": "string"
                    },
                    "x-ms-apihub-obo": {
                      "type": "string"
                    },
                    "Date": {
                      "type": "string"
                    },
                    "Content-Type": {
                      "type": "string"
                    },
                    "Content-Length": {
                      "type": "string"
                    }
                  }
                },
                "body": {
                  "type": "object",
                  "properties": {
                    "results": {
                      "type": "array",
                      "items": {
                        "type": "object",
                        "properties": {
                          "tables": {
                            "type": "array",
                            "items": {
                              "type": "object",
                              "properties": {
                                "rows": {
                                  "type": "array",
                                  "items": {
                                    "type": "object",
                                    "properties": {
                                      "SUB_CONTRACTOR_PAYMENT_MODEL[Claim ID]": {
                                        "type": "string"
                                      },
                                      "SUB_CONTRACTOR_PAYMENT_MODEL[Payment Date]": {
                                        "type": "string"
                                      },
                                      "SUB_CONTRACTOR_PAYMENT_MODEL[SUBCONTRACTOR_NAME]": {
                                        "type": "string"
                                      },
                                      "SUB_CONTRACTOR_PAYMENT_MODEL[SUPPLIER_NAME]": {
                                        "type": "string"
                                      },
                                      "SUB_CONTRACTOR_PAYMENT_MODEL[Supplier Number]": {
                                        "type": "string"
                                      },
                                      "[Amount]": {
                                        "type": "number"
                                      }
                                    },
                                    "required": [
                                      "SUB_CONTRACTOR_PAYMENT_MODEL[Claim ID]",
                                      "SUB_CONTRACTOR_PAYMENT_MODEL[Payment Date]",
                                      "SUB_CONTRACTOR_PAYMENT_MODEL[SUBCONTRACTOR_NAME]",
                                      "SUB_CONTRACTOR_PAYMENT_MODEL[SUPPLIER_NAME]",
                                      "SUB_CONTRACTOR_PAYMENT_MODEL[Supplier Number]",
                                      "[Amount]"
                                    ]
                                  }
                                }
                              },
                              "required": [
                                "rows"
                              ]
                            }
                          }
                        },
                        "required": [
                          "tables"
                        ]
                      }
                    },
                    "firstTableRows": {
                      "type": "array",
                      "items": {
                        "type": "object",
                        "properties": {
                          "SUB_CONTRACTOR_PAYMENT_MODEL[Claim ID]": {
                            "type": "string"
                          },
                          "SUB_CONTRACTOR_PAYMENT_MODEL[Payment Date]": {
                            "type": "string"
                          },
                          "SUB_CONTRACTOR_PAYMENT_MODEL[SUBCONTRACTOR_NAME]": {
                            "type": "string"
                          },
                          "SUB_CONTRACTOR_PAYMENT_MODEL[SUPPLIER_NAME]": {
                            "type": "string"
                          },
                          "SUB_CONTRACTOR_PAYMENT_MODEL[Supplier Number]": {
                            "type": "string"
                          },
                          "[Amount]": {
                            "type": "number"
                          }
                        },
                        "required": [
                          "SUB_CONTRACTOR_PAYMENT_MODEL[Claim ID]",
                          "SUB_CONTRACTOR_PAYMENT_MODEL[Payment Date]",
                          "SUB_CONTRACTOR_PAYMENT_MODEL[SUBCONTRACTOR_NAME]",
                          "SUB_CONTRACTOR_PAYMENT_MODEL[SUPPLIER_NAME]",
                          "SUB_CONTRACTOR_PAYMENT_MODEL[Supplier Number]",
                          "[Amount]"
                        ]
                      }
                    }
                  }
                }
              }
            }
          }
        },
        "DAX_Query_-_DBE_Form_Table": {
          "runAfter": {
            "Compose_-_Replace_ClaimID_-_DBE_Table": [
              "Succeeded"
            ]
          },
          "metadata": {
            "operationMetadataId": "e1631ca8-56dd-4168-9c9e-83aad3582177"
          },
          "type": "OpenApiConnection",
          "inputs": {
            "host": {
              "connectionName": "shared_powerbi_1",
              "operationId": "ExecuteDatasetQuery",
              "apiId": "/providers/Microsoft.PowerApps/apis/shared_powerbi"
            },
            "parameters": {
              "groupid": "@parameters('CPIDP_SemanticModelWorkspaceName (iancdot_CPIDP_SemanticModelWorkspaceName)')",
              "datasetid": "@parameters('CPIDP_SemanticModelSubContractorID (iancdot_CPIDP_SemanticModelSubContractorID)')",
              "specification/query": "@outputs('Compose_-_Replace_ClaimID_-_DBE_Table')",
              "specification/serializerSettings/includeNulls": false
            },
            "authentication": {
              "type": "Raw",
              "value": "@json(decodeBase64(triggerOutputs().headers['X-MS-APIM-Tokens']))['$ConnectionKey']"
            }
          }
        },
        "Select_-_DBE_Table_Columns": {
          "runAfter": {
            "Parse_JSON_-_DBE_Table": [
              "Succeeded"
            ]
          },
          "metadata": {
            "operationMetadataId": "2c36b91c-4b04-4e06-956b-3984393583da"
          },
          "type": "Select",
          "inputs": {
            "from": "@body('Parse_JSON_-_DBE_Table')?['results'][0]['tables'][0]['rows']",
            "select": {
              "Payment Date": "@item()?['SUB_CONTRACTOR_PAYMENT_MODEL[Payment Date]']",
              "Subcontractor Name": "@item()?['SUB_CONTRACTOR_PAYMENT_MODEL[SUBCONTRACTOR_NAME]']",
              "Supplier Name": "@item()?['SUB_CONTRACTOR_PAYMENT_MODEL[SUPPLIER_NAME]']",
              "Supplier Number": "@item()?['SUB_CONTRACTOR_PAYMENT_MODEL[Supplier Number]']",
              "Amount": "@item()?['[Amount]']"
            }
          }
        },
        "Compose_-_Replace_ClaimID_-_DBE_Table": {
          "runAfter": {},
          "metadata": {
            "operationMetadataId": "8db46d58-1b1b-4d08-8963-368a51d2c554"
          },
          "type": "Compose",
          "inputs": "@replace(parameters('CPIDP_DBE_Table_DAX_Query (iancdot_CPIDP_DBE_Table_DAX_Query)'),'%ClaimID%',triggerBody()?['text'])"
        },
        "Respond_DBE_Data_to_a_Power_App_or_flow": {
          "runAfter": {
            "Select_-_DBE_Table_Columns": [
              "Succeeded"
            ]
          },
          "metadata": {
            "operationMetadataId": "fae725a9-009a-41a9-8792-c4854d74a449"
          },
          "type": "Response",
          "kind": "PowerApp",
          "inputs": {
            "statusCode": 200,
            "body": {
              "ebs_dbe_table_data": "@body('Select_-_DBE_Table_Columns')",
              "runflag": "Yes"
            },
            "schema": {
              "type": "object",
              "properties": {
                "ebs_dbe_table_data": {
                  "title": "EBS_DBE_Table_Data",
                  "x-ms-dynamically-added": true,
                  "type": "string"
                },
                "runflag": {
                  "title": "RunFlag",
                  "x-ms-dynamically-added": true,
                  "type": "boolean"
                }
              }
            }
          }
        },
        "Respond_DBE_Table_Data_to_a_Power_App_or_flow_-_NA": {
          "runAfter": {
            "DAX_Query_-_DBE_Form_Table": [
              "TimedOut",
              "Skipped",
              "Failed"
            ]
          },
          "metadata": {
            "operationMetadataId": "fae725a9-009a-41a9-8792-c4854d74a449"
          },
          "type": "Response",
          "kind": "PowerApp",
          "inputs": {
            "statusCode": 200,
            "body": {
              "ebs_dbe_table_data": "NA",
              "runflag": "No"
            },
            "schema": {
              "type": "object",
              "properties": {
                "ebs_dbe_table_data": {
                  "title": "EBS_DBE_Table_Data",
                  "x-ms-dynamically-added": true,
                  "type": "string"
                },
                "runflag": {
                  "title": "RunFlag",
                  "x-ms-dynamically-added": true,
                  "type": "boolean"
                }
              }
            }
          }
        }
      }
    },
    "templateName": ""
  },
  "schemaVersion": "1.0.0.0"
}