{
  "properties": {
    "connectionReferences": {
      "shared_office365": {
        "runtimeSource": "invoker",
        "connection": {
          "connectionReferenceLogicalName": "iancdot_sharedoffice365_68054"
        },
        "api": {
          "name": "shared_office365"
        }
      }
    },
    "definition": {
      "$schema": "https://schema.management.azure.com/providers/Microsoft.Logic/schemas/2016-06-01/workflowdefinition.json#",
      "contentVersion": "1.0.0.0",
      "parameters": {
        "$connections": {
          "defaultValue": {},
          "type": "Object"
        },
        "$authentication": {
          "defaultValue": {},
          "type": "SecureObject"
        }
      },
      "triggers": {
        "manual": {
          "metadata": {
            "operationMetadataId": "8c4ac8ac-5394-4d73-a16b-e2678d3b5711"
          },
          "type": "Request",
          "kind": "Button",
          "inputs": {
            "schema": {
              "type": "object",
              "properties": {},
              "required": []
            }
          }
        }
      },
      "actions": {
        "Send_an_email_(V2)-_SE_1": {
          "runAfter": {
            "Set_variable": [
              "Succeeded"
            ]
          },
          "metadata": {
            "operationMetadataId": "1ef4f8b5-66bb-4088-9a60-eb7587e2313b"
          },
          "type": "OpenApiConnection",
          "inputs": {
            "host": {
              "connectionName": "shared_office365",
              "operationId": "SendEmailV2",
              "apiId": "/providers/Microsoft.PowerApps/apis/shared_office365"
            },
            "parameters": {
              "emailMessage/To": "@variables('ToEmailAddress')",
              "emailMessage/Subject": "@variables('Email Subject_SE1')",
              "emailMessage/Body": "\n<p> Hi All, </p>\n<p>@{variables('Email Body_SE1')}</p>\n<p>Exception Details: @{variables('ExceptionDetails_SE1')}</p>\n\n<p> Regards,</p>\n<p> Claims Processing BOT </p>",
              "emailMessage/Importance": "Normal"
            },
            "authentication": {
              "type": "Raw",
              "value": "@json(decodeBase64(triggerOutputs().headers['X-MS-APIM-Tokens']))['$ConnectionKey']"
            }
          }
        },
        "Initialize_variable-ToEmailAddress": {
          "runAfter": {},
          "metadata": {
            "operationMetadataId": "7dea5c8d-aafc-443c-a3ea-21e126e778e7"
          },
          "type": "InitializeVariable",
          "inputs": {
            "variables": [
              {
                "name": "ToEmailAddress",
                "type": "string"
              }
            ]
          }
        },
        "Set_variable-ToEmailAddress": {
          "runAfter": {
            "Initialize_variable-ToEmailAddress": [
              "Succeeded"
            ]
          },
          "metadata": {
            "operationMetadataId": "6af6e8a1-c27d-4cf2-8b6c-d6b0fc50a3c4"
          },
          "type": "SetVariable",
          "inputs": {
            "name": "ToEmailAddress",
            "value": "%Config['SE_ToEmailAddress']%"
          }
        },
        "Initialize_variable-Email_Subject_SE1": {
          "runAfter": {
            "Set_variable-ToEmailAddress": [
              "Succeeded"
            ]
          },
          "metadata": {
            "operationMetadataId": "cf0aa739-3409-4f9c-a028-b0e52d8a0b5a"
          },
          "type": "InitializeVariable",
          "inputs": {
            "variables": [
              {
                "name": "Email Subject_SE1",
                "type": "string"
              }
            ]
          }
        },
        "Set_variable_-Email_Subject_SE1": {
          "runAfter": {
            "Initialize_variable-Email_Subject_SE1": [
              "Succeeded"
            ]
          },
          "metadata": {
            "operationMetadataId": "bc69b63b-3e7d-4ab0-a2a4-e80418ed2c9d"
          },
          "type": "SetVariable",
          "inputs": {
            "name": "Email Subject_SE1",
            "value": "%Config['SE1_EmailSubject']%"
          }
        },
        "Set_variable_-Email_Body_SE1": {
          "runAfter": {
            "Initialize_variable-Email_Body_SE1": [
              "Succeeded"
            ]
          },
          "metadata": {
            "operationMetadataId": "3e1e6b20-85c6-4f5b-a5be-a1b53af7dd04"
          },
          "type": "SetVariable",
          "inputs": {
            "name": "Email Body_SE1",
            "value": "%Config['SE1_EmailBody']%"
          }
        },
        "Initialize_variable-Email_Body_SE1": {
          "runAfter": {
            "Set_variable_-Email_Subject_SE1": [
              "Succeeded"
            ]
          },
          "metadata": {
            "operationMetadataId": "1cf35763-f0e1-4d4b-afcb-62f25411a342"
          },
          "type": "InitializeVariable",
          "inputs": {
            "variables": [
              {
                "name": "Email Body_SE1",
                "type": "string"
              }
            ]
          }
        },
        "Initialize_variable_-SE1_ExceptionDetails": {
          "runAfter": {
            "Set_variable_-Email_Body_SE1": [
              "Succeeded"
            ]
          },
          "metadata": {
            "operationMetadataId": "a8a395c5-8f9c-42d7-a05c-bec848ea3fed"
          },
          "type": "InitializeVariable",
          "inputs": {
            "variables": [
              {
                "name": "ExceptionDetails_SE1",
                "type": "string"
              }
            ]
          }
        },
        "Set_variable-SE1_ExceptionDetails": {
          "runAfter": {
            "Initialize_variable_-SE1_ExceptionDetails": [
              "Succeeded"
            ]
          },
          "metadata": {
            "operationMetadataId": "ca95ebdb-6cab-47c0-be9f-e53762a503a4"
          },
          "type": "SetVariable",
          "inputs": {
            "name": "ExceptionDetails_SE1",
            "value": "%Config['SE1_ExpcetionDetails']%"
          }
        },
        "Initialize_variable-ExceptionDetails_SE2": {
          "runAfter": {
            "Set_variable-SE1_ExceptionDetails": [
              "Succeeded"
            ]
          },
          "metadata": {
            "operationMetadataId": "497aa591-2729-45d2-86e2-b265aa7756d5"
          },
          "type": "InitializeVariable",
          "inputs": {
            "variables": [
              {
                "name": "ExceptionDetails_SE2",
                "type": "string"
              }
            ]
          }
        },
        "Set_variable-ExceptionDetails_SE2": {
          "runAfter": {
            "Initialize_variable-ExceptionDetails_SE2": [
              "Succeeded"
            ]
          },
          "metadata": {
            "operationMetadataId": "f8900e4c-bdf7-485c-9087-daa3a3a3af46"
          },
          "type": "SetVariable",
          "inputs": {
            "name": "ExceptionDetails_SE2",
            "value": "%Config['SE2_ExpcetionDetails']%"
          }
        },
        "Send_an_email_(V2)-SE_2": {
          "runAfter": {
            "Send_an_email_(V2)-_SE_1": [
              "Succeeded"
            ]
          },
          "metadata": {
            "operationMetadataId": "88e4d6b9-c79c-48d6-ad28-e1441c5b18d0"
          },
          "type": "OpenApiConnection",
          "inputs": {
            "host": {
              "connectionName": "shared_office365",
              "operationId": "SendEmailV2",
              "apiId": "/providers/Microsoft.PowerApps/apis/shared_office365"
            },
            "parameters": {
              "emailMessage/To": "@variables('ToEmailAddress')",
              "emailMessage/Subject": "@variables('Email Subject_SE1')",
              "emailMessage/Body": "\n<p> Hi All, </p>\n<p>@{variables('Email Body_SE1')}</p>\n<p>Exception Details: @{variables('ExceptionDetails_SE2')} </p>\n\n<p> Regards,</p>\n<p> Claims Processing BOT </p>\n",
              "emailMessage/Importance": "Normal"
            },
            "authentication": {
              "type": "Raw",
              "value": "@json(decodeBase64(triggerOutputs().headers['X-MS-APIM-Tokens']))['$ConnectionKey']"
            }
          }
        },
        "Initialize_variable-_ExceptionDetails_SE3": {
          "runAfter": {
            "Set_variable-ExceptionDetails_SE2": [
              "Succeeded"
            ]
          },
          "metadata": {
            "operationMetadataId": "00e93e1f-fd8a-4fc9-a27b-28a87c558017"
          },
          "type": "InitializeVariable",
          "inputs": {
            "variables": [
              {
                "name": "ExceptionDetails_SE3",
                "type": "string"
              }
            ]
          }
        },
        "Set_variable": {
          "runAfter": {
            "Initialize_variable-_ExceptionDetails_SE3": [
              "Succeeded"
            ]
          },
          "metadata": {
            "operationMetadataId": "c9cee027-f16b-4279-9019-d5e9dfcf82d7"
          },
          "type": "SetVariable",
          "inputs": {
            "name": "ExceptionDetails_SE3",
            "value": "%Config['SE3_ExpcetionDetails']%"
          }
        },
        "Send_an_email_(V2)-_SE_3": {
          "runAfter": {
            "Send_an_email_(V2)-SE_2": [
              "Succeeded"
            ]
          },
          "metadata": {
            "operationMetadataId": "f2334e1e-0053-42e1-beca-6d3f9834e18d"
          },
          "type": "OpenApiConnection",
          "inputs": {
            "host": {
              "connectionName": "shared_office365",
              "operationId": "SendEmailV2",
              "apiId": "/providers/Microsoft.PowerApps/apis/shared_office365"
            },
            "parameters": {
              "emailMessage/To": "@variables('ToEmailAddress')",
              "emailMessage/Subject": "@variables('Email Subject_SE1')",
              "emailMessage/Body": "<p>Hi All,</p>\n\n<p> @{variables('Email Body_SE1')} </p>\n\n<p>Exception Details: @{variables('ExceptionDetails_SE3')} </p>\n<p>Regards, </p>\n<p>Claims Processing BOT </p>",
              "emailMessage/Importance": "Normal"
            },
            "authentication": {
              "type": "Raw",
              "value": "@json(decodeBase64(triggerOutputs().headers['X-MS-APIM-Tokens']))['$ConnectionKey']"
            }
          }
        }
      }
    },
    "templateName": ""
  },
  "schemaVersion": "1.0.0.0"
}