{
  "properties": {
    "connectionReferences": {
      "shared_powerbi_1": {
        "runtimeSource": "embedded",
        "connection": {
          "connectionReferenceLogicalName": "iancdot_UC2_BI_Connection"
        },
        "api": {
          "name": "shared_powerbi"
        }
      }
    },
    "definition": {
      "$schema": "https://schema.management.azure.com/providers/Microsoft.Logic/schemas/2016-06-01/workflowdefinition.json#",
      "contentVersion": "undefined",
      "parameters": {
        "$connections": {
          "defaultValue": {},
          "type": "Object"
        },
        "$authentication": {
          "defaultValue": {},
          "type": "SecureObject"
        },
        "CPIDP_SemanticModelClaimsDataID (iancdot_CPIDP_SemanticModelClaimsDataID)": {
          "defaultValue": "80b0e184-f970-48b4-af65-11461f7e0472",
          "type": "String",
          "metadata": {
            "schemaName": "iancdot_CPIDP_SemanticModelClaimsDataID"
          }
        },
        "CPIDP_SemanticModelWorkspaceName (iancdot_CPIDP_SemanticModelWorkspaceName)": {
          "defaultValue": "2c61d948-8105-4228-b087-0a26eddb8ed4",
          "type": "String",
          "metadata": {
            "schemaName": "iancdot_CPIDP_SemanticModelWorkspaceName"
          }
        },
        "CPIDP_CoverLetter_DAX_Query (iancdot_CPIDP_CoverLetter_DAX_Query)": {
          "defaultValue": "DEFINE     VAR __DS0FilterTable =          TREATAS({\"%ClaimID%\"}, 'IMD_CLAIMS_MODEL'[Claim ID])     VAR __DS0Core =          SUMMARIZECOLUMNS(             'IMD_CLAIMS_MODEL'[Claim ID],             'IMD_CLAIMS_MODEL'[Project Number],             'IMD_CLAIMS_MODEL'[WBS],             __DS0FilterTable,             \"Total_Funding\",                  SUMX(                     SUMMARIZE(                         'IMD_CLAIMS_MODEL',                         'IMD_CLAIMS_MODEL'[Claim ID],                         'IMD_CLAIMS_MODEL'[Project Number],                         'IMD_CLAIMS_MODEL'[WBS],                         \"Federal_Local_Total\",                              'IMD_CLAIMS_MODEL'[Federal Funding Amount] + 'IMD_CLAIMS_MODEL'[Local Funding Amount]                     ),                     [Federal_Local_Total]                 )         )     VAR __DS0PrimaryWindowed =          TOPN(             502,             __DS0Core,             'IMD_CLAIMS_MODEL'[Claim ID],             1,             'IMD_CLAIMS_MODEL'[Project Number],             1,             'IMD_CLAIMS_MODEL'[WBS],             1         ) EVALUATE     __DS0PrimaryWindowed ORDER BY     'IMD_CLAIMS_MODEL'[Claim ID],     'IMD_CLAIMS_MODEL'[Project Number],     'IMD_CLAIMS_MODEL'[WBS]",
          "type": "String",
          "metadata": {
            "schemaName": "iancdot_CPIDP_CoverLetter_DAX_Query"
          }
        }
      },
      "triggers": {
        "manual": {
          "metadata": {
            "operationMetadataId": "580c888d-8c0f-47e4-ab63-2bea62045e58"
          },
          "type": "Request",
          "kind": "Http",
          "inputs": {
            "schema": {
              "type": "object",
              "properties": {
                "ClaimID": {
                  "type": "string"
                }
              }
            },
            "triggerAuthenticationType": "All"
          }
        }
      },
      "actions": {
        "Initialize_variable": {
          "runAfter": {},
          "metadata": {
            "operationMetadataId": "60d96649-f337-4def-9869-53c39b1a8350"
          },
          "type": "InitializeVariable",
          "inputs": {
            "variables": [
              {
                "name": "ClaimIDValue",
                "type": "string",
                "value": "@triggerBody()?['ClaimID']"
              }
            ]
          }
        },
        "Response": {
          "runAfter": {
            "Try-Execute_DAX_Queries": [
              "Succeeded"
            ]
          },
          "metadata": {
            "operationMetadataId": "14484e3c-7e23-47b1-a3ed-9782aeb7f3d5"
          },
          "type": "Response",
          "kind": "Http",
          "inputs": {
            "statusCode": 200,
            "body": {
              "CoverLetterDAX": "@{body('Select_-_Cover_Letter_Columns')}",
              "CoverSheetDAX": "",
              "DbeDAX": "",
              "PrfDAX": "",
              "ExpenseTableDAX": "",
              "AttachmentsDAX": ""
            }
          }
        },
        "Try-Execute_DAX_Queries": {
          "actions": {
            "Compose_-_Replace_ClaimID_-_Cover_Letter": {
              "runAfter": {},
              "metadata": {
                "operationMetadataId": "e24364b0-efee-4c64-b882-ab3a30dabb2a"
              },
              "type": "Compose",
              "inputs": "@replace(parameters('CPIDP_CoverLetter_DAX_Query (iancdot_CPIDP_CoverLetter_DAX_Query)'),'%ClaimID%',variables('ClaimIDValue'))"
            },
            "DAX_Query_-_Cover_Letter": {
              "runAfter": {
                "Compose_-_Replace_ClaimID_-_Cover_Letter": [
                  "Succeeded"
                ]
              },
              "metadata": {
                "operationMetadataId": "c37da3b5-cb1a-4de1-aad4-f06a0cd3afdd"
              },
              "type": "OpenApiConnection",
              "inputs": {
                "host": {
                  "connectionName": "shared_powerbi_1",
                  "operationId": "ExecuteDatasetQuery",
                  "apiId": "/providers/Microsoft.PowerApps/apis/shared_powerbi"
                },
                "parameters": {
                  "groupid": "@parameters('CPIDP_SemanticModelWorkspaceName (iancdot_CPIDP_SemanticModelWorkspaceName)')",
                  "datasetid": "@parameters('CPIDP_SemanticModelClaimsDataID (iancdot_CPIDP_SemanticModelClaimsDataID)')",
                  "specification/query": "@outputs('Compose_-_Replace_ClaimID_-_Cover_Letter')",
                  "specification/serializerSettings/includeNulls": false
                },
                "authentication": "@parameters('$authentication')"
              }
            },
            "Parse_JSON_-_Cover_Letter": {
              "runAfter": {
                "DAX_Query_-_Cover_Letter": [
                  "Succeeded"
                ]
              },
              "metadata": {
                "operationMetadataId": "063a250d-5663-4f2b-b492-63d51b52fbcc"
              },
              "type": "ParseJson",
              "inputs": {
                "content": "@body('DAX_Query_-_Cover_Letter')",
                "schema": {
                  "type": "object",
                  "properties": {
                    "statusCode": {
                      "type": "integer"
                    },
                    "headers": {
                      "type": "object",
                      "properties": {
                        "Cache-Control": {
                          "type": "string"
                        },
                        "Pragma": {
                          "type": "string"
                        },
                        "Transfer-Encoding": {
                          "type": "string"
                        },
                        "Strict-Transport-Security": {
                          "type": "string"
                        },
                        "X-Frame-Options": {
                          "type": "string"
                        },
                        "X-Content-Type-Options": {
                          "type": "string"
                        },
                        "RequestId": {
                          "type": "string"
                        },
                        "Access-Control-Expose-Headers": {
                          "type": "string"
                        },
                        "Timing-Allow-Origin": {
                          "type": "string"
                        },
                        "x-ms-apihub-cached-response": {
                          "type": "string"
                        },
                        "x-ms-apihub-obo": {
                          "type": "string"
                        },
                        "Date": {
                          "type": "string"
                        },
                        "Content-Type": {
                          "type": "string"
                        },
                        "Content-Length": {
                          "type": "string"
                        }
                      }
                    },
                    "body": {
                      "type": "object",
                      "properties": {
                        "results": {
                          "type": "array",
                          "items": {
                            "type": "object",
                            "properties": {
                              "tables": {
                                "type": "array",
                                "items": {
                                  "type": "object",
                                  "properties": {
                                    "rows": {
                                      "type": "array",
                                      "items": {
                                        "type": "object",
                                        "properties": {
                                          "IMD_CLAIMS_MODEL[Claim ID]": {
                                            "type": "string"
                                          },
                                          "IMD_CLAIMS_MODEL[Invoice To Date]": {
                                            "type": "string"
                                          },
                                          "IMD_CLAIMS_MODEL[Invoice From Date]": {
                                            "type": "string"
                                          },
                                          "IMD_CLAIMS_MODEL[WBS]": {
                                            "type": "string"
                                          },
                                          "IMD_CLAIMS_MODEL[Project Number]": {
                                            "type": "string"
                                          },
                                          "IMD_CLAIMS_MODEL[Grantee Name]": {
                                            "type": "string"
                                          },
                                          "[Current_Expense_Amount]": {
                                            "type": "integer"
                                          }
                                        },
                                        "required": [
                                          "IMD_CLAIMS_MODEL[Claim ID]",
                                          "IMD_CLAIMS_MODEL[Invoice To Date]",
                                          "IMD_CLAIMS_MODEL[Invoice From Date]",
                                          "IMD_CLAIMS_MODEL[WBS]",
                                          "IMD_CLAIMS_MODEL[Project Number]",
                                          "IMD_CLAIMS_MODEL[Grantee Name]",
                                          "[Current_Expense_Amount]"
                                        ]
                                      }
                                    }
                                  },
                                  "required": [
                                    "rows"
                                  ]
                                }
                              }
                            },
                            "required": [
                              "tables"
                            ]
                          }
                        },
                        "firstTableRows": {
                          "type": "array",
                          "items": {
                            "type": "object",
                            "properties": {
                              "IMD_CLAIMS_MODEL[Claim ID]": {
                                "type": "string"
                              },
                              "IMD_CLAIMS_MODEL[Invoice To Date]": {
                                "type": "string"
                              },
                              "IMD_CLAIMS_MODEL[Invoice From Date]": {
                                "type": "string"
                              },
                              "IMD_CLAIMS_MODEL[WBS]": {
                                "type": "string"
                              },
                              "IMD_CLAIMS_MODEL[Project Number]": {
                                "type": "string"
                              },
                              "IMD_CLAIMS_MODEL[Grantee Name]": {
                                "type": "string"
                              },
                              "[Current_Expense_Amount]": {
                                "type": "integer"
                              }
                            },
                            "required": [
                              "IMD_CLAIMS_MODEL[Claim ID]",
                              "IMD_CLAIMS_MODEL[Invoice To Date]",
                              "IMD_CLAIMS_MODEL[Invoice From Date]",
                              "IMD_CLAIMS_MODEL[WBS]",
                              "IMD_CLAIMS_MODEL[Project Number]",
                              "IMD_CLAIMS_MODEL[Grantee Name]",
                              "[Current_Expense_Amount]"
                            ]
                          }
                        }
                      }
                    }
                  }
                }
              }
            },
            "Select_-_Cover_Letter_Columns": {
              "runAfter": {
                "Parse_JSON_-_Cover_Letter": [
                  "Succeeded"
                ]
              },
              "metadata": {
                "operationMetadataId": "17f020d2-4a1f-484c-9d00-867f036a068f"
              },
              "type": "Select",
              "inputs": {
                "from": "@body('Parse_JSON_-_Cover_Letter')?['results'][0]['tables'][0]['rows']",
                "select": {
                  "Project ID": "@item()?['IMD_CLAIMS_MODEL[Project Number]']",
                  "WBS": "@item()?['IMD_CLAIMS_MODEL[WBS]']",
                  "Total Funding": "@item()?['[Total_Funding]']"
                }
              }
            }
          },
          "runAfter": {
            "Initialize_variable": [
              "Succeeded"
            ]
          },
          "metadata": {
            "operationMetadataId": "a0bee819-d54f-4fa9-bf04-738c30785004"
          },
          "type": "Scope",
          "description": "Use this for invoking  DAX flows for queue item  . rename actions"
        }
      }
    },
    "templateName": ""
  },
  "schemaVersion": "1.0.0.0"
}