{
  "properties": {
    "connectionReferences": {
      "shared_powerbi": {
        "runtimeSource": "embedded",
        "connection": {
          "connectionReferenceLogicalName": "iancdot_UC2_BI_Connection"
        },
        "api": {
          "name": "shared_powerbi"
        }
      },
      "shared_commondataserviceforapps": {
        "runtimeSource": "embedded",
        "connection": {
          "connectionReferenceLogicalName": "forcast_UC7_IA0005_DataVerse"
        },
        "api": {
          "name": "shared_commondataserviceforapps"
        }
      }
    },
    "definition": {
      "$schema": "https://schema.management.azure.com/providers/Microsoft.Logic/schemas/2016-06-01/workflowdefinition.json#",
      "contentVersion": "undefined",
      "parameters": {
        "$connections": {
          "defaultValue": {},
          "type": "Object"
        },
        "$authentication": {
          "defaultValue": {},
          "type": "SecureObject"
        },
        "CPIDP_ValidClaims_DAX_Query (iancdot_CPIDP_ValidClaims_DAX_Query)": {
          "defaultValue": "DEFINE \tVAR __DS0FilterTable =  \t\tTREATAS({\"MDS Analyst Approved\", \t\t\t\"Submitted\"}, 'IMD_CLAIMS_MODEL'[Claim Status])  \tVAR __DS0Core =  \t\tCALCULATETABLE( \t\t\tSUMMARIZE('IMD_CLAIMS_MODEL', 'IMD_CLAIMS_MODEL'[Claim ID], 'IMD_CLAIMS_MODEL'[Claim Status]), \t\t\tKEEPFILTERS(__DS0FilterTable) \t\t)  \tVAR __DS0PrimaryWindowed =  \t\tTOPN(501, __DS0Core, 'IMD_CLAIMS_MODEL'[Claim ID], 1, 'IMD_CLAIMS_MODEL'[Claim Status], 1)  EVALUATE \t__DS0PrimaryWindowed  ORDER BY \t'IMD_CLAIMS_MODEL'[Claim ID], 'IMD_CLAIMS_MODEL'[Claim Status]",
          "type": "String",
          "metadata": {
            "schemaName": "iancdot_CPIDP_ValidClaims_DAX_Query"
          }
        },
        "CPIDP_SemanticModelClaimsDataID (iancdot_CPIDP_SemanticModelClaimsDataID)": {
          "defaultValue": "80b0e184-f970-48b4-af65-11461f7e0472",
          "type": "String",
          "metadata": {
            "schemaName": "iancdot_CPIDP_SemanticModelClaimsDataID"
          }
        },
        "CPIDP_SemanticModelWorkspaceName (iancdot_CPIDP_SemanticModelWorkspaceName)": {
          "defaultValue": "2c61d948-8105-4228-b087-0a26eddb8ed4",
          "type": "String",
          "metadata": {
            "schemaName": "iancdot_CPIDP_SemanticModelWorkspaceName"
          }
        },
        "CPIDP_WorkQueueIDValue (iancdot_CPIDP_WorkQueueIDValue)": {
          "defaultValue": "dcbfbc75-ae49-ef11-a316-001dd8024dff",
          "type": "String",
          "metadata": {
            "schemaName": "iancdot_CPIDP_WorkQueueIDValue"
          }
        }
      },
      "triggers": {
        "manual": {
          "metadata": {
            "operationMetadataId": "9de1a74b-8639-4f02-8ecd-359056cc0c4a"
          },
          "type": "Request",
          "kind": "Button",
          "inputs": {
            "schema": {
              "type": "object",
              "properties": {},
              "required": []
            }
          }
        }
      },
      "actions": {
        "DAX_Query_-_Get_Valid_Claim_IDs": {
          "runAfter": {},
          "metadata": {
            "operationMetadataId": "6bf05367-75a9-4bf3-94d9-f385a6ff72de"
          },
          "type": "OpenApiConnection",
          "inputs": {
            "host": {
              "connectionName": "shared_powerbi",
              "operationId": "ExecuteDatasetQuery",
              "apiId": "/providers/Microsoft.PowerApps/apis/shared_powerbi"
            },
            "parameters": {
              "groupid": "@parameters('CPIDP_SemanticModelWorkspaceName (iancdot_CPIDP_SemanticModelWorkspaceName)')",
              "datasetid": "@parameters('CPIDP_SemanticModelClaimsDataID (iancdot_CPIDP_SemanticModelClaimsDataID)')",
              "specification/query": "@parameters('CPIDP_ValidClaims_DAX_Query (iancdot_CPIDP_ValidClaims_DAX_Query)')",
              "specification/serializerSettings/includeNulls": false
            },
            "authentication": {
              "type": "Raw",
              "value": "@json(decodeBase64(triggerOutputs().headers['X-MS-APIM-Tokens']))['$ConnectionKey']"
            }
          }
        },
        "Parse_JSON_-_Valid_Claims": {
          "runAfter": {
            "DAX_Query_-_Get_Valid_Claim_IDs": [
              "Succeeded"
            ]
          },
          "metadata": {
            "operationMetadataId": "063a250d-5663-4f2b-b492-63d51b52fbcc"
          },
          "type": "ParseJson",
          "inputs": {
            "content": "@body('DAX_Query_-_Get_Valid_Claim_IDs')",
            "schema": {
              "type": "object",
              "properties": {
                "statusCode": {
                  "type": "integer"
                },
                "headers": {
                  "type": "object",
                  "properties": {
                    "Cache-Control": {
                      "type": "string"
                    },
                    "Pragma": {
                      "type": "string"
                    },
                    "Transfer-Encoding": {
                      "type": "string"
                    },
                    "Strict-Transport-Security": {
                      "type": "string"
                    },
                    "X-Frame-Options": {
                      "type": "string"
                    },
                    "X-Content-Type-Options": {
                      "type": "string"
                    },
                    "RequestId": {
                      "type": "string"
                    },
                    "Access-Control-Expose-Headers": {
                      "type": "string"
                    },
                    "Timing-Allow-Origin": {
                      "type": "string"
                    },
                    "x-ms-apihub-cached-response": {
                      "type": "string"
                    },
                    "x-ms-apihub-obo": {
                      "type": "string"
                    },
                    "Date": {
                      "type": "string"
                    },
                    "Content-Type": {
                      "type": "string"
                    },
                    "Content-Length": {
                      "type": "string"
                    }
                  }
                },
                "body": {
                  "type": "object",
                  "properties": {
                    "results": {
                      "type": "array",
                      "items": {
                        "type": "object",
                        "properties": {
                          "tables": {
                            "type": "array",
                            "items": {
                              "type": "object",
                              "properties": {
                                "rows": {
                                  "type": "array",
                                  "items": {
                                    "type": "object",
                                    "properties": {
                                      "IMD_CLAIMS_MODEL[Claim ID]": {
                                        "type": "string"
                                      },
                                      "IMD_CLAIMS_MODEL[Invoice To Date]": {
                                        "type": "string"
                                      },
                                      "IMD_CLAIMS_MODEL[Invoice From Date]": {
                                        "type": "string"
                                      },
                                      "IMD_CLAIMS_MODEL[WBS]": {
                                        "type": "string"
                                      },
                                      "IMD_CLAIMS_MODEL[Project Number]": {
                                        "type": "string"
                                      },
                                      "IMD_CLAIMS_MODEL[Grantee Name]": {
                                        "type": "string"
                                      },
                                      "[Current_Expense_Amount]": {
                                        "type": "integer"
                                      }
                                    },
                                    "required": [
                                      "IMD_CLAIMS_MODEL[Claim ID]",
                                      "IMD_CLAIMS_MODEL[Invoice To Date]",
                                      "IMD_CLAIMS_MODEL[Invoice From Date]",
                                      "IMD_CLAIMS_MODEL[WBS]",
                                      "IMD_CLAIMS_MODEL[Project Number]",
                                      "IMD_CLAIMS_MODEL[Grantee Name]",
                                      "[Current_Expense_Amount]"
                                    ]
                                  }
                                }
                              },
                              "required": [
                                "rows"
                              ]
                            }
                          }
                        },
                        "required": [
                          "tables"
                        ]
                      }
                    },
                    "firstTableRows": {
                      "type": "array",
                      "items": {
                        "type": "object",
                        "properties": {
                          "IMD_CLAIMS_MODEL[Claim ID]": {
                            "type": "string"
                          },
                          "IMD_CLAIMS_MODEL[Invoice To Date]": {
                            "type": "string"
                          },
                          "IMD_CLAIMS_MODEL[Invoice From Date]": {
                            "type": "string"
                          },
                          "IMD_CLAIMS_MODEL[WBS]": {
                            "type": "string"
                          },
                          "IMD_CLAIMS_MODEL[Project Number]": {
                            "type": "string"
                          },
                          "IMD_CLAIMS_MODEL[Grantee Name]": {
                            "type": "string"
                          },
                          "[Current_Expense_Amount]": {
                            "type": "integer"
                          }
                        },
                        "required": [
                          "IMD_CLAIMS_MODEL[Claim ID]",
                          "IMD_CLAIMS_MODEL[Invoice To Date]",
                          "IMD_CLAIMS_MODEL[Invoice From Date]",
                          "IMD_CLAIMS_MODEL[WBS]",
                          "IMD_CLAIMS_MODEL[Project Number]",
                          "IMD_CLAIMS_MODEL[Grantee Name]",
                          "[Current_Expense_Amount]"
                        ]
                      }
                    }
                  }
                }
              }
            }
          }
        },
        "Apply_to_each": {
          "foreach": "@body('Parse_JSON_-_Valid_Claims')?['results'][0]?['tables'][0]?['rows']",
          "actions": {
            "Compose_-_Claim_ID": {
              "runAfter": {},
              "metadata": {
                "operationMetadataId": "7586d786-6d02-41b6-be4c-722c91f691df"
              },
              "type": "Compose",
              "inputs": "@contains(item(),'IMD_CLAIMS_MODEL[Claim ID]')"
            },
            "Compose_-_Claim_Status": {
              "runAfter": {
                "Compose_-_Claim_ID": [
                  "Succeeded"
                ]
              },
              "metadata": {
                "operationMetadataId": "c34766a4-a254-4dec-9784-e20531c3307e"
              },
              "type": "Compose",
              "inputs": "@contains(item(),'IMD_CLAIMS_MODEL[Claim Status]')"
            },
            "Condition": {
              "actions": {
                "Add_a_new_row": {
                  "runAfter": {},
                  "metadata": {
                    "operationMetadataId": "43e8397c-71e4-4e65-99e6-4b049a59644a"
                  },
                  "type": "OpenApiConnection",
                  "inputs": {
                    "host": {
                      "connectionName": "shared_commondataserviceforapps",
                      "operationId": "CreateRecord",
                      "apiId": "/providers/Microsoft.PowerApps/apis/shared_commondataserviceforapps"
                    },
                    "parameters": {
                      "entityName": "workqueueitems",
                      "item/name": "@item()?['IMD_CLAIMS_MODEL[Claim ID]']",
                      "item/workqueueid@odata.bind": "/workqueues(@{parameters('CPIDP_WorkQueueIDValue (iancdot_CPIDP_WorkQueueIDValue)')})",
                      "item/input": "@{item()?['IMD_CLAIMS_MODEL[Claim ID]']},@{item()?['IMD_CLAIMS_MODEL[Claim Status]']}"
                    },
                    "authentication": {
                      "type": "Raw",
                      "value": "@json(decodeBase64(triggerOutputs().headers['X-MS-APIM-Tokens']))['$ConnectionKey']"
                    }
                  }
                }
              },
              "runAfter": {
                "Compose_-_Claim_Status": [
                  "Succeeded"
                ]
              },
              "expression": {
                "and": [
                  {
                    "equals": [
                      "@outputs('Compose_-_Claim_ID')",
                      true
                    ]
                  },
                  {
                    "equals": [
                      "@outputs('Compose_-_Claim_Status')",
                      true
                    ]
                  }
                ]
              },
              "metadata": {
                "operationMetadataId": "5e03218b-a4d3-4cc8-8418-1d061eaaf03e"
              },
              "type": "If"
            }
          },
          "runAfter": {
            "Parse_JSON_-_Valid_Claims": [
              "Succeeded"
            ]
          },
          "metadata": {
            "operationMetadataId": "036972c3-c6fa-40d0-b595-007bdb22906f"
          },
          "type": "Foreach"
        }
      }
    },
    "templateName": ""
  },
  "schemaVersion": "1.0.0.0"
}