{
  "properties": {
    "connectionReferences": {
      "shared_uiflow": {
        "runtimeSource": "embedded",
        "connection": {
          "connectionReferenceLogicalName": "iancdot_shareduiflow_39a93"
        },
        "api": {
          "name": "shared_uiflow"
        }
      },
      "shared_office365-2": {
        "runtimeSource": "embedded",
        "connection": {
          "connectionReferenceLogicalName": "iancdot_sharedoffice365_68054"
        },
        "api": {
          "name": "shared_office365"
        }
      },
      "shared_commondataserviceforapps-1": {
        "runtimeSource": "embedded",
        "connection": {
          "connectionReferenceLogicalName": "forcast_UC7_IA0005_DataVerse"
        },
        "api": {
          "name": "shared_commondataserviceforapps"
        }
      },
      "shared_commondataserviceforapps-2": {
        "runtimeSource": "embedded",
        "connection": {
          "connectionReferenceLogicalName": "iancdot_sharedcommondataserviceforapps_3b8f3"
        },
        "api": {
          "name": "shared_commondataserviceforapps"
        }
      },
      "shared_excelonlinebusiness-1": {
        "runtimeSource": "embedded",
        "connection": {
          "connectionReferenceLogicalName": "nc_sharedexcelonlinebusiness_ecf34"
        },
        "api": {
          "name": "shared_excelonlinebusiness"
        }
      }
    },
    "definition": {
      "$schema": "https://schema.management.azure.com/providers/Microsoft.Logic/schemas/2016-06-01/workflowdefinition.json#",
      "contentVersion": "1.0.0.0",
      "parameters": {
        "$connections": {
          "defaultValue": {},
          "type": "Object"
        },
        "$authentication": {
          "defaultValue": {},
          "type": "SecureObject"
        },
        "CPIDP_WorkQueueIDValue (iancdot_CPIDP_WorkQueueIDValue)": {
          "defaultValue": "dcbfbc75-ae49-ef11-a316-001dd8024dff",
          "type": "String",
          "metadata": {
            "schemaName": "iancdot_CPIDP_WorkQueueIDValue"
          }
        },
        "CPIDP_SendEmailFlagID (iancdot_CPIDP_SendEmailFlagID)": {
          "defaultValue": "7b310f42-964d-ef11-a317-001dd8021e69",
          "type": "String",
          "metadata": {
            "schemaName": "iancdot_CPIDP_SendEmailFlagID"
          }
        },
        "CPIDP_SystemExceptionEmailIDs (iancdot_CPIDP_SystemExceptionEmailIDs)": {
          "defaultValue": "ext-pprasannan@ncdot.gov",
          "type": "String",
          "metadata": {
            "schemaName": "iancdot_CPIDP_SystemExceptionEmailIDs"
          }
        },
        "CPIDP_SPRunSummaryTemplateIdentifier (iancdot_CPIDP_SPRunSummaryTemplateIdentifier)": {
          "defaultValue": "/Shared Documents/IMD/AI Program/Claims Processing Automation/DEV/BOT Input Template/Claims Processing Run Summary.xlsx",
          "type": "String",
          "metadata": {
            "schemaName": "iancdot_CPIDP_SPRunSummaryTemplateIdentifier"
          }
        },
        "CPIDP_SP_ClaimsProcessingOutputFiledentifier (iancdot_CPIDP_SP_ClaimsProcessingOutputFiledentifier)": {
          "defaultValue": "/Shared Documents/IMD/AI Program/Claims Processing Automation/DEV/BOT Input Template/Claims Processing Output File.xlsx",
          "type": "String",
          "metadata": {
            "schemaName": "iancdot_CPIDP_SP_ClaimsProcessingOutputFiledentifier"
          }
        },
        "CPIDP_SP_SummaryFIleUploadPath (iancdot_CPIDP_SP_SummaryFIleUploadPath)": {
          "defaultValue": "/Shared Documents/IMD/AI Program/Claims Processing Automation/DEV/BOT Output Files/{DateValue}/Summary Report Folder",
          "type": "String",
          "metadata": {
            "schemaName": "iancdot_CPIDP_SP_SummaryFIleUploadPath"
          }
        },
        "CPIDP_SPConfigClaimsProcessingFiledentifier (iancdot_CPIDP_SPConfigClaimsProcessingFiledentifier)": {
          "defaultValue": "/Shared Documents/IMD/AI Program/Claims Processing Automation/DEV/BOT Input Template/Config_ClaimsProcessing.xlsx",
          "type": "String",
          "metadata": {
            "schemaName": "iancdot_CPIDP_SPConfigClaimsProcessingFiledentifier"
          }
        },
        "CPIDP_SPExcludedGCodeListIdentifier (iancdot_CPIDP_SPExcludedGCodeListIdentifier)": {
          "defaultValue": "/Shared Documents/IMD/AI Program/Claims Processing Automation/DEV/BOT Input Template/ExcludedGCodeList.xlsx",
          "type": "String",
          "metadata": {
            "schemaName": "iancdot_CPIDP_SPExcludedGCodeListIdentifier"
          }
        },
        "CPIDP_BOTLocalRootFolderPath (iancdot_CPIDP_BOTLocalRootFolderPath)": {
          "defaultValue": "C:\\ClaimsProcessing\\",
          "type": "String",
          "metadata": {
            "schemaName": "iancdot_CPIDP_BOTLocalRootFolderPath"
          }
        },
        "CPIDP_SharePointSiteAddress (iancdot_CPIDP_SharePointSiteAddress)": {
          "defaultValue": "https://ncconnect.sharepoint.com/sites/MultiModalTransportation/",
          "type": "String",
          "metadata": {
            "schemaName": "iancdot_CPIDP_SharePointSiteAddress"
          }
        },
        "CPIDP_SP_MasterFolderPathIdentifier (iancdot_CPIDP_SP_MasterFolderPathIdentifier)": {
          "defaultValue": "/IMD/AI Program/Claims Processing Automation/DEV/BOT Output Files",
          "type": "String",
          "metadata": {
            "schemaName": "iancdot_CPIDP_SP_MasterFolderPathIdentifier"
          }
        },
        "CPIDP_SP_ClaimsProcessingRunSummaryFileValue (iancdot_CPIDP_SP_ClaimsProcessingRunSummaryFileValue)": {
          "defaultValue": "Claims Processing Run Summary.xlsx",
          "type": "String",
          "metadata": {
            "schemaName": "iancdot_CPIDP_SP_ClaimsProcessingRunSummaryFileValue"
          }
        },
        "CPIDP_AzureSubscriptionKey (iancdot_CPIDP_AzureSubscriptionKey)": {
          "defaultValue": "0afc3ca81c2843f6aea65c86b653ef79",
          "type": "String",
          "metadata": {
            "schemaName": "iancdot_CPIDP_AzureSubscriptionKey"
          }
        },
        "CPIDP_AzureDIEndPoint (iancdot_CPIDP_AzureDIEndPoint)": {
          "defaultValue": "https://di-uc2-imd-claims-idp-dev.cognitiveservices.azure.com",
          "type": "String",
          "metadata": {
            "schemaName": "iancdot_CPIDP_AzureDIEndPoint"
          }
        },
        "CPIDP_SummaryReportEmailIDs (iancdot_CPIDP_SummaryReportEmailIDs)": {
          "defaultValue": "ext-pprasannan@ncdot.gov;ext-sdeshpande@ncdot.gov",
          "type": "String",
          "metadata": {
            "schemaName": "iancdot_CPIDP_SummaryReportEmailIDs"
          }
        }
      },
      "triggers": {
        "When_a_row_is_added,_modified_or_deleted": {
          "metadata": {
            "operationMetadataId": "daa755c8-593f-4fe9-a69b-beb58b84c45e"
          },
          "type": "OpenApiConnectionWebhook",
          "inputs": {
            "host": {
              "connectionName": "shared_commondataserviceforapps-2",
              "operationId": "SubscribeWebhookTrigger",
              "apiId": "/providers/Microsoft.PowerApps/apis/shared_commondataserviceforapps"
            },
            "parameters": {
              "subscriptionRequest/message": 1,
              "subscriptionRequest/entityname": "workqueueitem",
              "subscriptionRequest/scope": 4
            },
            "authentication": "@parameters('$authentication')"
          },
          "conditions": [
            {
              "expression": "@equals(triggerOutputs()?['body/_workqueueid_value'], 'dcbfbc75-ae49-ef11-a316-001dd8024dff')"
            }
          ],
          "runtimeConfiguration": {
            "concurrency": {
              "runs": 1
            }
          }
        }
      },
      "actions": {
        "InitializeBEFlag": {
          "runAfter": {
            "Initialize_variable_-_Queue_ID": [
              "Succeeded"
            ]
          },
          "metadata": {
            "operationMetadataId": "554d98b6-3906-4dfd-bd54-55dbfd5b9895"
          },
          "type": "InitializeVariable",
          "inputs": {
            "variables": [
              {
                "name": "BEFlag",
                "type": "boolean",
                "value": false
              }
            ]
          }
        },
        "InitializeEndFlow": {
          "runAfter": {
            "Initialize_variable_Error_Count": [
              "Succeeded"
            ]
          },
          "metadata": {
            "operationMetadataId": "9fc5b89d-5637-434a-84d1-2f95dba48e23"
          },
          "type": "InitializeVariable",
          "inputs": {
            "variables": [
              {
                "name": "EndFlow",
                "type": "boolean",
                "value": false
              }
            ]
          }
        },
        "Scope-Initialization": {
          "actions": {
            "IA.DOT.0002_-_Claims_Processing_Initialization": {
              "runAfter": {},
              "metadata": {
                "operationMetadataId": "77c8f6c2-47cc-46bc-9b85-5144fb31571d"
              },
              "type": "OpenApiConnection",
              "inputs": {
                "host": {
                  "connectionName": "shared_uiflow",
                  "operationId": "RunUIFlow_V2",
                  "apiId": "/providers/Microsoft.PowerApps/apis/shared_uiflow"
                },
                "parameters": {
                  "uiFlowId": "0c702bf5-23dc-4971-802f-c6d99973aa3a",
                  "runMode": "attended",
                  "item/In_SP_ClaimsFileSiteAddress": "@parameters('CPIDP_SharePointSiteAddress (iancdot_CPIDP_SharePointSiteAddress)')",
                  "item/In_RunSummaryTemplateIdentifier": "@parameters('CPIDP_SPRunSummaryTemplateIdentifier (iancdot_CPIDP_SPRunSummaryTemplateIdentifier)')",
                  "item/In_ConfigClaimsProcessingIdentifier": "@parameters('CPIDP_SPConfigClaimsProcessingFiledentifier (iancdot_CPIDP_SPConfigClaimsProcessingFiledentifier)')",
                  "item/In_ExcludedGCodeListIdentifier": "@parameters('CPIDP_SPExcludedGCodeListIdentifier (iancdot_CPIDP_SPExcludedGCodeListIdentifier)')",
                  "item/In_BOTLocalRootFolderPath": "@parameters('CPIDP_BOTLocalRootFolderPath (iancdot_CPIDP_BOTLocalRootFolderPath)')",
                  "item/In_ClaimsProcessingRunSummaryName": "@parameters('CPIDP_SP_ClaimsProcessingRunSummaryFileValue (iancdot_CPIDP_SP_ClaimsProcessingRunSummaryFileValue)')",
                  "item/In_SE_EmailAddress": "@parameters('CPIDP_SystemExceptionEmailIDs (iancdot_CPIDP_SystemExceptionEmailIDs)')",
                  "item/In_ClaimsProcessingOutputFiledentifier": "@parameters('CPIDP_SP_ClaimsProcessingOutputFiledentifier (iancdot_CPIDP_SP_ClaimsProcessingOutputFiledentifier)')",
                  "item/In_SP_MasterFolderPathIdentifier": "@parameters('CPIDP_SP_MasterFolderPathIdentifier (iancdot_CPIDP_SP_MasterFolderPathIdentifier)')",
                  "item/In_SP_SummaryFIleUploadPath": "@parameters('CPIDP_SP_SummaryFIleUploadPath (iancdot_CPIDP_SP_SummaryFIleUploadPath)')"
                },
                "authentication": "@parameters('$authentication')"
              }
            },
            "Set_variable_-_Config": {
              "runAfter": {
                "IA.DOT.0002_-_Claims_Processing_Initialization": [
                  "Succeeded"
                ]
              },
              "metadata": {
                "operationMetadataId": "bba8c817-2f38-4dc3-922d-2e6b3ab554a5"
              },
              "type": "SetVariable",
              "inputs": {
                "name": "Flow_Config",
                "value": "@body('IA.DOT.0002_-_Claims_Processing_Initialization')?['Out_Config']"
              }
            }
          },
          "runAfter": {
            "Scope-SetFlag": [
              "Succeeded"
            ]
          },
          "metadata": {
            "operationMetadataId": "4a14ec06-3038-4666-947f-9d11d2d3b5c6"
          },
          "type": "Scope",
          "description": "Invoke config and cleanup actions - Desktop flow 1"
        },
        "Catch-Initialization": {
          "actions": {
            "Filter_Failed_Action_-init": {
              "runAfter": {},
              "metadata": {
                "operationMetadataId": "1293deae-1330-4da6-bb88-68460efc1758"
              },
              "type": "Query",
              "inputs": {
                "from": "@result('Scope-Initialization')",
                "where": "@or(equals(item()?['Status'], 'Failed'),equals(item()?['Status'], 'TimedOut'))"
              }
            },
            "Send_Exception_Email__Init": {
              "runAfter": {
                "Filter_Failed_Action_-init": [
                  "Succeeded"
                ]
              },
              "metadata": {
                "operationMetadataId": "79865dee-0df9-4d80-8af1-8440c5eaf759"
              },
              "type": "OpenApiConnection",
              "inputs": {
                "host": {
                  "connectionName": "shared_office365-2",
                  "operationId": "SendEmailV2",
                  "apiId": "/providers/Microsoft.PowerApps/apis/shared_office365"
                },
                "parameters": {
                  "emailMessage/To": "@parameters('CPIDP_SystemExceptionEmailIDs (iancdot_CPIDP_SystemExceptionEmailIDs)')",
                  "emailMessage/Subject": "Claims Processing Process Exception",
                  "emailMessage/Body": "<p class=\"editor-paragraph\">The automation has failed with exception. Below are error details.</p><p class=\"editor-paragraph\"><b><strong class=\"editor-text-bold\">Action: </strong></b>@{body('Scope-Initialization')?[0]?['name']}</p><p class=\"editor-paragraph\"><b><strong class=\"editor-text-bold\">Status: </strong></b>@{body('Scope-Initialization')?[0]?['Status']}</p><p class=\"editor-paragraph\"><b><strong class=\"editor-text-bold\">Error Message: </strong></b>@{body('Scope-Initialization')?[0]?['outputs']?['body']?['error']?['message']}</p><br><p class=\"editor-paragraph\">Thanks,</p><p class=\"editor-paragraph\">Bot.</p>",
                  "emailMessage/Importance": "Normal"
                },
                "authentication": "@parameters('$authentication')"
              }
            },
            "Terminate_Flow__Init": {
              "runAfter": {
                "Send_Exception_Email__Init": [
                  "Succeeded"
                ]
              },
              "metadata": {
                "operationMetadataId": "b1c38220-b927-440f-9da2-e3f7a0bdde6d"
              },
              "type": "Terminate",
              "inputs": {
                "runStatus": "Failed",
                "runError": {
                  "message": "@body('Scope-Initialization')?[0]?['outputs']?['body']?['error']?['message']"
                }
              }
            }
          },
          "runAfter": {
            "Scope-Initialization": [
              "Skipped",
              "Failed",
              "TimedOut"
            ]
          },
          "metadata": {
            "operationMetadataId": "58302467-3a67-412b-bab7-4eab10e81af6"
          },
          "type": "Scope"
        },
        "Initialize_Config": {
          "runAfter": {
            "Initialize_DesktopRun_Message": [
              "Succeeded"
            ]
          },
          "metadata": {
            "operationMetadataId": "703f0539-5ed6-4840-9430-116ea21abf5d"
          },
          "type": "InitializeVariable",
          "inputs": {
            "variables": [
              {
                "name": "Flow_Config",
                "type": "object"
              }
            ]
          }
        },
        "Initialize_variable_Error_Count": {
          "runAfter": {
            "Initialize_Config": [
              "Succeeded"
            ]
          },
          "metadata": {
            "operationMetadataId": "48d1c438-b3af-465a-ab38-c785f8c7cadb"
          },
          "type": "InitializeVariable",
          "inputs": {
            "variables": [
              {
                "name": "Error Count",
                "type": "integer",
                "value": 0
              }
            ]
          }
        },
        "Do_until": {
          "actions": {
            "Parse_JSON_Queue_ID": {
              "runAfter": {
                "Perform_a_bound_action": [
                  "Succeeded"
                ]
              },
              "metadata": {
                "operationMetadataId": "c21f0ace-00e6-4a2c-a3de-ba0266cb944d"
              },
              "type": "ParseJson",
              "inputs": {
                "content": "@body('Perform_a_bound_action')",
                "schema": {
                  "type": "object",
                  "properties": {
                    "statusCode": {
                      "type": "integer"
                    },
                    "headers": {
                      "type": "object",
                      "properties": {
                        "Cache-Control": {
                          "type": "string"
                        },
                        "Vary": {
                          "type": "string"
                        },
                        "Set-Cookie": {
                          "type": "string"
                        },
                        "x-ms-service-request-id": {
                          "type": "string"
                        },
                        "Strict-Transport-Security": {
                          "type": "string"
                        },
                        "REQ_ID": {
                          "type": "string"
                        },
                        "CRM.ServiceId": {
                          "type": "string"
                        },
                        "AuthActivityId": {
                          "type": "string"
                        },
                        "x-ms-dop-hint": {
                          "type": "string"
                        },
                        "x-ms-ratelimit-time-remaining-xrm-requests": {
                          "type": "string"
                        },
                        "x-ms-ratelimit-burst-remaining-xrm-requests": {
                          "type": "string"
                        },
                        "OData-Version": {
                          "type": "string"
                        },
                        "X-Source": {
                          "type": "string"
                        },
                        "Public": {
                          "type": "string"
                        },
                        "Date": {
                          "type": "string"
                        },
                        "Allow": {
                          "type": "string"
                        },
                        "Content-Type": {
                          "type": "string"
                        },
                        "Content-Length": {
                          "type": "string"
                        },
                        "Expires": {
                          "type": "string"
                        }
                      }
                    },
                    "body": {
                      "type": "object",
                      "properties": {
                        "@@odata.context": {
                          "type": "string"
                        },
                        "@@odata.type": {
                          "type": "string"
                        },
                        "@@odata.etag": {
                          "type": "string"
                        },
                        "statecode": {
                          "type": "integer"
                        },
                        "uniqueidbyqueue": {
                          "type": "string"
                        },
                        "_workqueueid_value": {
                          "type": "string"
                        },
                        "createdon": {
                          "type": "string"
                        },
                        "workqueueitemid": {
                          "type": "string"
                        },
                        "_ownerid_value": {
                          "type": "string"
                        },
                        "executioncontext": {
                          "type": "string"
                        },
                        "processorid": {
                          "type": "string"
                        },
                        "requeuecount": {
                          "type": "integer"
                        },
                        "name": {
                          "type": "string"
                        },
                        "_processinguser_value": {
                          "type": "string"
                        },
                        "ismanaged": {
                          "type": "boolean"
                        },
                        "processortype": {
                          "type": "integer"
                        },
                        "processingresult": {
                          "type": "string"
                        },
                        "priority": {
                          "type": "integer"
                        },
                        "statuscode": {
                          "type": "integer"
                        },
                        "_modifiedby_value": {
                          "type": "string"
                        },
                        "modifiedon": {
                          "type": "string"
                        },
                        "processingstarttime": {
                          "type": "string"
                        },
                        "solutionid": {
                          "type": "string"
                        },
                        "componentstate": {
                          "type": "integer"
                        },
                        "_createdby_value": {
                          "type": "string"
                        },
                        "componentidunique": {
                          "type": "string"
                        },
                        "_owningbusinessunit_value": {
                          "type": "string"
                        },
                        "input": {
                          "type": "string"
                        },
                        "_owninguser_value": {
                          "type": "string"
                        },
                        "iscustomizable": {
                          "type": "object",
                          "properties": {
                            "Value": {
                              "type": "boolean"
                            },
                            "CanBeChanged": {
                              "type": "boolean"
                            },
                            "ManagedPropertyLogicalName": {
                              "type": "string"
                            }
                          }
                        }
                      }
                    }
                  }
                }
              }
            },
            "Perform_a_bound_action": {
              "runAfter": {},
              "metadata": {
                "operationMetadataId": "d3016330-0791-42dc-a0c8-cab803d9f88b"
              },
              "type": "OpenApiConnection",
              "inputs": {
                "host": {
                  "connectionName": "shared_commondataserviceforapps-1",
                  "operationId": "PerformBoundAction",
                  "apiId": "/providers/Microsoft.PowerApps/apis/shared_commondataserviceforapps"
                },
                "parameters": {
                  "entityName": "workqueues",
                  "actionName": "Microsoft.Dynamics.CRM.Dequeue",
                  "recordId": "@variables('WorkQueueId')"
                },
                "authentication": "@parameters('$authentication')"
              }
            },
            "Condition": {
              "actions": {
                "DAX_Exception_Occurred": {
                  "actions": {
                    "Update_a_row_-_DAX_Error": {
                      "runAfter": {
                        "Set_variable_-_claimStatusVal": [
                          "Succeeded"
                        ]
                      },
                      "metadata": {
                        "operationMetadataId": "09a66948-7ad2-4e0f-875e-33583432d256"
                      },
                      "type": "OpenApiConnection",
                      "inputs": {
                        "host": {
                          "connectionName": "shared_commondataserviceforapps-2",
                          "operationId": "UpdateRecord",
                          "apiId": "/providers/Microsoft.PowerApps/apis/shared_commondataserviceforapps"
                        },
                        "parameters": {
                          "entityName": "workqueueitems",
                          "recordId": "@body('Parse_JSON_Queue_ID')?['workqueueitemid']",
                          "item/statecode": 4,
                          "item/statuscode": 4
                        },
                        "authentication": "@parameters('$authentication')"
                      }
                    },
                    "Attachment_Model_Exception": {
                      "actions": {
                        "Send_Exception_Email_-_Attachment_DAX_Errors": {
                          "runAfter": {},
                          "metadata": {
                            "operationMetadataId": "79865dee-0df9-4d80-8af1-8440c5eaf759"
                          },
                          "type": "OpenApiConnection",
                          "inputs": {
                            "host": {
                              "connectionName": "shared_office365-2",
                              "operationId": "SendEmailV2",
                              "apiId": "/providers/Microsoft.PowerApps/apis/shared_office365"
                            },
                            "parameters": {
                              "emailMessage/To": "@parameters('CPIDP_SystemExceptionEmailIDs (iancdot_CPIDP_SystemExceptionEmailIDs)')",
                              "emailMessage/Subject": "Claims Processing Process - EBS API - System Exception",
                              "emailMessage/Body": "<p class=\"editor-paragraph\">Hello,</p><p class=\"editor-paragraph\"></p><br><p class=\"editor-paragraph\">Exception has been identified and we are unable to access claim supporting documents from EBS through API. Please process the requests manually.</p><p class=\"editor-paragraph\"></p><br><p class=\"editor-paragraph\"><b><strong class=\"editor-text-bold\">Exception Details:</strong></b> Unable to access claim documents</p><br><p class=\"editor-paragraph\">Thanks,</p><p class=\"editor-paragraph\">Bot.</p>",
                              "emailMessage/Importance": "Normal"
                            },
                            "authentication": "@parameters('$authentication')"
                          }
                        },
                        "Set_variable-Attachmment_Error_": {
                          "runAfter": {
                            "Send_Exception_Email_-_Attachment_DAX_Errors": [
                              "Succeeded"
                            ]
                          },
                          "metadata": {
                            "operationMetadataId": "83f4e20b-9ce5-4c0e-99e7-56b4e9e2bd49"
                          },
                          "type": "SetVariable",
                          "inputs": {
                            "name": "Error Message",
                            "value": "Unable to access claim documents"
                          }
                        },
                        "Set_variable_-_Claim_Documents": {
                          "runAfter": {
                            "Set_variable-Attachmment_Error_": [
                              "Succeeded"
                            ]
                          },
                          "metadata": {
                            "operationMetadataId": "599633b6-ed61-4c56-9d71-a6134b917e05"
                          },
                          "type": "SetVariable",
                          "inputs": {
                            "name": "OPExceptionMsg",
                            "value": "Unable to access claim documents"
                          }
                        },
                        "Set_variable_-_RunMessage_-_Attachments_Exception": {
                          "runAfter": {
                            "Set_variable_-_Claim_Documents": [
                              "Succeeded"
                            ]
                          },
                          "metadata": {
                            "operationMetadataId": "d122828a-9bcd-482f-a881-41f1a809a218"
                          },
                          "type": "SetVariable",
                          "inputs": {
                            "name": "RunMessage",
                            "value": "Data extraction from Attachments Semantic Model failed"
                          }
                        }
                      },
                      "runAfter": {},
                      "else": {
                        "actions": {
                          "Send_Exception_Email_-_Claims_Model_DAX_Errors": {
                            "runAfter": {},
                            "metadata": {
                              "operationMetadataId": "79865dee-0df9-4d80-8af1-8440c5eaf759"
                            },
                            "type": "OpenApiConnection",
                            "inputs": {
                              "host": {
                                "connectionName": "shared_office365-2",
                                "operationId": "SendEmailV2",
                                "apiId": "/providers/Microsoft.PowerApps/apis/shared_office365"
                              },
                              "parameters": {
                                "emailMessage/To": "@parameters('CPIDP_SystemExceptionEmailIDs (iancdot_CPIDP_SystemExceptionEmailIDs)')",
                                "emailMessage/Subject": "Claims Processing Process - EBS API - System Exception",
                                "emailMessage/Body": "<p class=\"editor-paragraph\">Hello,</p><p class=\"editor-paragraph\"></p><br><p class=\"editor-paragraph\">Exception has been identified and we are unable to access claim forms from EBS through API. Please process the requests manually. </p><p class=\"editor-paragraph\"></p><br><p class=\"editor-paragraph\"><b><strong class=\"editor-text-bold\">Exception Details:</strong></b> Unable to access claims forms</p><br><p class=\"editor-paragraph\">Thanks,</p><p class=\"editor-paragraph\">Bot.</p>",
                                "emailMessage/Importance": "Normal"
                              },
                              "authentication": "@parameters('$authentication')"
                            }
                          },
                          "Set_variable-Claims_Error": {
                            "runAfter": {
                              "Send_Exception_Email_-_Claims_Model_DAX_Errors": [
                                "Succeeded"
                              ]
                            },
                            "metadata": {
                              "operationMetadataId": "83f4e20b-9ce5-4c0e-99e7-56b4e9e2bd49"
                            },
                            "type": "SetVariable",
                            "inputs": {
                              "name": "Error Message",
                              "value": "Unable to access claims forms"
                            }
                          },
                          "Set_variable_-_Claim_Form": {
                            "runAfter": {
                              "Set_variable-Claims_Error": [
                                "Succeeded"
                              ]
                            },
                            "metadata": {
                              "operationMetadataId": "bb0d58fe-ad60-4979-af61-9740a847b8ca"
                            },
                            "type": "SetVariable",
                            "inputs": {
                              "name": "OPExceptionMsg",
                              "value": "Unable to access claims forms"
                            }
                          },
                          "Set_variable_-_claimStatusVal-copy-copy": {
                            "runAfter": {
                              "Set_variable_-_Claim_Form": [
                                "Succeeded"
                              ]
                            },
                            "metadata": {
                              "operationMetadataId": "1a9c841c-9d72-41ec-ac8d-ffe55cf313f2"
                            },
                            "type": "SetVariable",
                            "inputs": {
                              "name": "RunMessage",
                              "value": "Data extraction from Claims Data Semantic Model failed"
                            }
                          }
                        }
                      },
                      "expression": {
                        "or": [
                          {
                            "equals": [
                              "@outputs('Compose-Attachments_Flag')",
                              false
                            ]
                          }
                        ]
                      },
                      "metadata": {
                        "operationMetadataId": "1abe0e1a-1bff-4e56-b18e-675a8190e035"
                      },
                      "type": "If"
                    },
                    "Set_variable_End_FLow1": {
                      "runAfter": {
                        "Update_a_row_-_DAX_Error": [
                          "Succeeded"
                        ]
                      },
                      "metadata": {
                        "operationMetadataId": "7d91d4c6-f156-4de1-8823-9643d00eb746"
                      },
                      "type": "SetVariable",
                      "inputs": {
                        "name": "EndFlow",
                        "value": true
                      }
                    },
                    "Set_variable_-_claimStatusVal": {
                      "runAfter": {
                        "Attachment_Model_Exception": [
                          "Succeeded"
                        ]
                      },
                      "metadata": {
                        "operationMetadataId": "dcffda79-6b1c-48ef-8a97-0de87fd99c91"
                      },
                      "type": "SetVariable",
                      "inputs": {
                        "name": "claimStatusVal",
                        "value": "Failed"
                      }
                    }
                  },
                  "runAfter": {
                    "Compose_-_Claims_Flag": [
                      "Succeeded"
                    ]
                  },
                  "else": {
                    "actions": {
                      "Try-DesktopFlow-IDP": {
                        "actions": {
                          "Condition_BE_Case": {
                            "actions": {
                              "Update_a_row_-Success": {
                                "runAfter": {},
                                "metadata": {
                                  "operationMetadataId": "b4a0086b-72fa-43f4-ae30-47bdf252db01"
                                },
                                "type": "OpenApiConnection",
                                "inputs": {
                                  "host": {
                                    "connectionName": "shared_commondataserviceforapps-2",
                                    "operationId": "UpdateRecord",
                                    "apiId": "/providers/Microsoft.PowerApps/apis/shared_commondataserviceforapps"
                                  },
                                  "parameters": {
                                    "entityName": "workqueueitems",
                                    "recordId": "@body('Parse_JSON_Queue_ID')?['workqueueitemid']",
                                    "item/processingresult": "@variables('RunMessage')",
                                    "item/statecode": 2,
                                    "item/statuscode": 2
                                  },
                                  "authentication": "@parameters('$authentication')"
                                }
                              },
                              "Set_variable_-_Set_Claim_Status_-_Success": {
                                "runAfter": {
                                  "Update_a_row_-Success": [
                                    "Succeeded"
                                  ]
                                },
                                "metadata": {
                                  "operationMetadataId": "6b0820f5-a5ea-482c-9b54-662d0137b72b"
                                },
                                "type": "SetVariable",
                                "inputs": {
                                  "name": "claimStatusVal",
                                  "value": "Success"
                                }
                              }
                            },
                            "runAfter": {
                              "Set_variable_run_message": [
                                "Succeeded"
                              ]
                            },
                            "else": {
                              "actions": {
                                "Check_BE_Exception": {
                                  "actions": {
                                    "Update_a_row_-_BE": {
                                      "runAfter": {},
                                      "metadata": {
                                        "operationMetadataId": "52884664-998b-4824-998a-b00ccb4d7998"
                                      },
                                      "type": "OpenApiConnection",
                                      "inputs": {
                                        "host": {
                                          "connectionName": "shared_commondataserviceforapps-2",
                                          "operationId": "UpdateRecord",
                                          "apiId": "/providers/Microsoft.PowerApps/apis/shared_commondataserviceforapps"
                                        },
                                        "parameters": {
                                          "entityName": "workqueueitems",
                                          "recordId": "@body('Parse_JSON_Queue_ID')?['workqueueitemid']",
                                          "item/processingresult": "@variables('RunMessage')",
                                          "item/statecode": 4,
                                          "item/statuscode": 6
                                        },
                                        "authentication": "@parameters('$authentication')"
                                      }
                                    }
                                  },
                                  "runAfter": {},
                                  "expression": {
                                    "and": [
                                      {
                                        "equals": [
                                          "@variables('SEFlag')",
                                          false
                                        ]
                                      }
                                    ]
                                  },
                                  "metadata": {
                                    "operationMetadataId": "79f045be-8c0d-408e-94b5-41248995446b"
                                  },
                                  "type": "If"
                                }
                              }
                            },
                            "expression": {
                              "and": [
                                {
                                  "equals": [
                                    "@variables('BEFlag')",
                                    false
                                  ]
                                },
                                {
                                  "equals": [
                                    "@variables('SEFlag')",
                                    false
                                  ]
                                }
                              ]
                            },
                            "metadata": {
                              "operationMetadataId": "bb137416-f78c-4512-8ac4-07fd95611e57"
                            },
                            "type": "If"
                          },
                          "Set_variable_BE_Flag-False": {
                            "runAfter": {
                              "Run_a_flow_built_with_Power_Automate_for_desktop": [
                                "Succeeded"
                              ]
                            },
                            "metadata": {
                              "operationMetadataId": "50a1a294-7f65-4d4d-9a24-eca4076c3b8d"
                            },
                            "type": "SetVariable",
                            "inputs": {
                              "name": "BEFlag",
                              "value": false
                            }
                          },
                          "Set_variable_SE_flag_-_False": {
                            "runAfter": {
                              "Set_variable_BE_Flag-False": [
                                "Succeeded"
                              ]
                            },
                            "metadata": {
                              "operationMetadataId": "c1f1a8f6-6195-430a-918e-6ca36eca4033"
                            },
                            "type": "SetVariable",
                            "inputs": {
                              "name": "SEFlag",
                              "value": false
                            }
                          },
                          "Set_variable_run_message": {
                            "runAfter": {
                              "Set_variable_SE_flag_-_False": [
                                "Succeeded"
                              ]
                            },
                            "metadata": {
                              "operationMetadataId": "6b0820f5-a5ea-482c-9b54-662d0137b72b"
                            },
                            "type": "SetVariable",
                            "inputs": {
                              "name": "RunMessage",
                              "value": "@body('Run_a_flow_built_with_Power_Automate_for_desktop')?['out_GlobalErrorMessage']"
                            }
                          },
                          "Run_a_flow_built_with_Power_Automate_for_desktop": {
                            "runAfter": {},
                            "metadata": {
                              "operationMetadataId": "104f14a5-86f9-4bea-8554-4278274b3787"
                            },
                            "type": "OpenApiConnection",
                            "inputs": {
                              "host": {
                                "connectionName": "shared_uiflow",
                                "operationId": "RunUIFlow_V2",
                                "apiId": "/providers/Microsoft.PowerApps/apis/shared_uiflow"
                              },
                              "parameters": {
                                "uiFlowId": "c5d93c73-3232-f011-8c4d-001dd80d56c8",
                                "runMode": "attended",
                                "item/in_EBS_AttachmentsTableData": "@body('Execute_DAX_Queries')?['ebs_attachments_data']",
                                "item/in_EBS_ExpenseTableData": "@body('Execute_DAX_Queries')?['ebs_expense_data']",
                                "item/in_EBS_DBEData": "@body('Execute_DAX_Queries')?['ebs_dbe_data']",
                                "item/in_EBS_CoverLetterData": "@body('Execute_DAX_Queries')?['ebs_coverletterdata']",
                                "item/in_EBS_CoverSheetData": "@body('Execute_DAX_Queries')?['ebs_coversheetdata']",
                                "item/in_EBS_PRF_Body": "@body('Execute_DAX_Queries')?['ebs_prf_data']",
                                "item/in_ClaimID": "@variables('ClaimID')",
                                "item/in_AzureSubscriptionKey": "@parameters('CPIDP_AzureSubscriptionKey (iancdot_CPIDP_AzureSubscriptionKey)')",
                                "item/in_AzureDI_Endpoint": "@parameters('CPIDP_AzureDIEndPoint (iancdot_CPIDP_AzureDIEndPoint)')",
                                "item/in_Config": "@variables('Flow_Config')",
                                "item/in_SP_ClaimOutputFolderAddress": "@body('IA.DOT.0002_-_Claims_Processing_Initialization')?['Out_SP_ClaimsOutputFolder']",
                                "item/in_BotLocalClaimsProcessingOutputFilePath": "@body('IA.DOT.0002_-_Claims_Processing_Initialization')?['Out_DownloadedClaimsProcessingOutputFilePath']",
                                "item/In_SP_ClaimsFileSiteAddress": "@parameters('CPIDP_SharePointSiteAddress (iancdot_CPIDP_SharePointSiteAddress)')",
                                "item/in_dt_inscopeGcodes": "@body('IA.DOT.0002_-_Claims_Processing_Initialization')?['Out_ExcludedGcodeList_dt']",
                                "item/in_EBS_DBE_TableData": "@body('Execute_DAX_Queries')?['ebs_dbe_table_data']"
                              },
                              "authentication": "@parameters('$authentication')"
                            }
                          }
                        },
                        "runAfter": {},
                        "metadata": {
                          "operationMetadataId": "45e4b5c7-c4c8-4acf-b4ac-08653013b41b"
                        },
                        "type": "Scope",
                        "description": "Invoke IDP desktop flow"
                      },
                      "Catch-DesktopFlow-IDP": {
                        "actions": {
                          "Filter_Failed_Action_IDP_Flow": {
                            "runAfter": {
                              "Compose_Error_Count": [
                                "Succeeded"
                              ]
                            },
                            "metadata": {
                              "operationMetadataId": "fde8d51a-8c6c-4ae3-a03c-021f5a0bc90c"
                            },
                            "type": "Query",
                            "inputs": {
                              "from": "@result('Try-DesktopFlow-IDP')",
                              "where": "@or(equals(item()?['Status'], 'Failed'),equals(item()?['Status'], 'TimedOut'))"
                            }
                          },
                          "Compose_Error_Count": {
                            "runAfter": {},
                            "metadata": {
                              "operationMetadataId": "92176a40-5aa4-4ae1-a1a8-f565a1e146e8"
                            },
                            "type": "Compose",
                            "inputs": "@add(variables('Error Count'),1)"
                          },
                          "Set_variable_error_count": {
                            "runAfter": {
                              "Update_a_row-SE": [
                                "Succeeded"
                              ]
                            },
                            "metadata": {
                              "operationMetadataId": "dd7cd95d-5042-4bf5-8e4e-9646ab8661d8"
                            },
                            "type": "SetVariable",
                            "inputs": {
                              "name": "Error Count",
                              "value": "@outputs('Compose_Error_Count')"
                            }
                          },
                          "Update_a_row-SE": {
                            "runAfter": {
                              "Filter_Failed_Action_IDP_Flow": [
                                "Succeeded"
                              ]
                            },
                            "metadata": {
                              "operationMetadataId": "b3e0bd4d-1be9-46a9-b702-24aa7a3c0401"
                            },
                            "type": "OpenApiConnection",
                            "inputs": {
                              "host": {
                                "connectionName": "shared_commondataserviceforapps-2",
                                "operationId": "UpdateRecord",
                                "apiId": "/providers/Microsoft.PowerApps/apis/shared_commondataserviceforapps"
                              },
                              "parameters": {
                                "entityName": "workqueueitems",
                                "recordId": "@body('Parse_JSON_Queue_ID')?['workqueueitemid']",
                                "item/processingresult": "@body('Filter_Failed_Action_IDP_Flow')?[0]?['outputs']?['body']?['error']?['message']",
                                "item/statecode": 4,
                                "item/statuscode": 4
                              },
                              "authentication": "@parameters('$authentication')"
                            }
                          },
                          "Set_variable1": {
                            "runAfter": {
                              "Set_variable_error_count": [
                                "Succeeded"
                              ]
                            },
                            "metadata": {
                              "operationMetadataId": "602b0ac0-43c0-4e3b-82df-772352e38467"
                            },
                            "type": "SetVariable",
                            "inputs": {
                              "name": "Error Message",
                              "value": "@body('Filter_Failed_Action_IDP_Flow')?[0]?['outputs']?['body']?['error']?['message']"
                            }
                          }
                        },
                        "runAfter": {
                          "Try-DesktopFlow-IDP": [
                            "TimedOut",
                            "Skipped",
                            "Failed"
                          ]
                        },
                        "metadata": {
                          "operationMetadataId": "0376e9b3-ff0b-4af3-aa6d-fac8fbc54153"
                        },
                        "type": "Scope"
                      },
                      "SE_Case": {
                        "actions": {
                          "Condition_SE_flag": {
                            "actions": {
                              "Compose_Error_Count_1": {
                                "runAfter": {},
                                "metadata": {
                                  "operationMetadataId": "f866cdf5-9856-429a-9fb1-bd5440ef840b"
                                },
                                "type": "Compose",
                                "inputs": "@add(variables('Error Count'),1)"
                              },
                              "Update_a_row-SE_1": {
                                "runAfter": {
                                  "Compose_Error_Count_1": [
                                    "Succeeded"
                                  ]
                                },
                                "metadata": {
                                  "operationMetadataId": "4ce8902f-f564-4f11-b493-aa5fe2629d20"
                                },
                                "type": "OpenApiConnection",
                                "inputs": {
                                  "host": {
                                    "connectionName": "shared_commondataserviceforapps-2",
                                    "operationId": "UpdateRecord",
                                    "apiId": "/providers/Microsoft.PowerApps/apis/shared_commondataserviceforapps"
                                  },
                                  "parameters": {
                                    "entityName": "workqueueitems",
                                    "recordId": "@body('Parse_JSON_Queue_ID')?['workqueueitemid']",
                                    "item/processingresult": "@variables('RunMessage')",
                                    "item/statecode": 4,
                                    "item/statuscode": 4
                                  },
                                  "authentication": "@parameters('$authentication')"
                                }
                              },
                              "Set_variable_error_count_1": {
                                "runAfter": {
                                  "Update_a_row-SE_1": [
                                    "Succeeded"
                                  ]
                                },
                                "metadata": {
                                  "operationMetadataId": "2ffb92b7-5c8e-47aa-bb4b-68cf31765ec7"
                                },
                                "type": "SetVariable",
                                "inputs": {
                                  "name": "Error Count",
                                  "value": "@outputs('Compose_Error_Count_1')"
                                }
                              },
                              "Set_variable1_1": {
                                "runAfter": {
                                  "Set_variable_error_count_1": [
                                    "Succeeded"
                                  ]
                                },
                                "metadata": {
                                  "operationMetadataId": "5ed0e19a-c863-4010-95d9-f24cef68f0c5"
                                },
                                "type": "SetVariable",
                                "inputs": {
                                  "name": "Error Message",
                                  "value": "@variables('RunMessage')"
                                }
                              }
                            },
                            "runAfter": {},
                            "expression": {
                              "and": [
                                {
                                  "equals": [
                                    "@variables('SEFlag')",
                                    true
                                  ]
                                }
                              ]
                            },
                            "metadata": {
                              "operationMetadataId": "10914b11-4fe5-4197-a607-57cdce971744"
                            },
                            "type": "If"
                          }
                        },
                        "runAfter": {
                          "Try-DesktopFlow-IDP": [
                            "Succeeded"
                          ]
                        },
                        "metadata": {
                          "operationMetadataId": "de5a13c6-31ed-43a6-9ee3-ade845fb56e7"
                        },
                        "type": "Scope",
                        "description": "In the case of "
                      },
                      "Condition_-Max_Error": {
                        "actions": {},
                        "runAfter": {
                          "SE_Case": [
                            "Succeeded"
                          ],
                          "Catch-DesktopFlow-IDP": [
                            "Skipped",
                            "Failed",
                            "Succeeded",
                            "TimedOut"
                          ]
                        },
                        "else": {
                          "actions": {
                            "Set_variable_End_Flow": {
                              "runAfter": {},
                              "metadata": {
                                "operationMetadataId": "411d37d6-6a35-4c34-9a1b-f5f46ed3dea8"
                              },
                              "type": "SetVariable",
                              "inputs": {
                                "name": "EndFlow",
                                "value": true
                              }
                            }
                          }
                        },
                        "expression": {
                          "and": [
                            {
                              "less": [
                                "@variables('Error Count')",
                                3
                              ]
                            }
                          ]
                        },
                        "metadata": {
                          "operationMetadataId": "aec26701-f4c7-491a-ba50-b3110571bf70"
                        },
                        "type": "If"
                      }
                    }
                  },
                  "expression": {
                    "or": [
                      {
                        "equals": [
                          "@outputs('Compose_-_Claims_Flag')",
                          false
                        ]
                      },
                      {
                        "equals": [
                          "@outputs('Compose-Attachments_Flag')",
                          false
                        ]
                      }
                    ]
                  },
                  "metadata": {
                    "operationMetadataId": "3373023f-a350-4925-b9f6-a4c8c7747b3e"
                  },
                  "type": "If"
                },
                "Compose_Claim_ID_from_Queue": {
                  "runAfter": {},
                  "metadata": {
                    "operationMetadataId": "0a4bba6c-6e7c-4da8-a7e5-baba16545963"
                  },
                  "type": "Compose",
                  "inputs": "@split(body('Parse_JSON_Queue_ID')?['input'],',')?[0]"
                },
                "Set_variable": {
                  "runAfter": {
                    "Compose_Claim_ID_from_Queue": [
                      "Succeeded"
                    ]
                  },
                  "metadata": {
                    "operationMetadataId": "b0f19da4-62d6-4bb9-a0e4-952e7a1b6486"
                  },
                  "type": "SetVariable",
                  "inputs": {
                    "name": "ClaimID",
                    "value": "@outputs('Compose_Claim_ID_from_Queue')"
                  }
                },
                "Execute_DAX_Queries": {
                  "runAfter": {
                    "Set_variable": [
                      "Succeeded"
                    ]
                  },
                  "metadata": {
                    "operationMetadataId": "bc620338-eac4-45da-9ae9-09ed613b9b29"
                  },
                  "type": "Workflow",
                  "inputs": {
                    "host": {
                      "workflowReferenceName": "bb02c8b4-1348-ef11-a316-001dd8024dff"
                    },
                    "body": {
                      "text": "@variables('ClaimID')"
                    }
                  }
                },
                "Compose-Attachments_Flag": {
                  "runAfter": {
                    "Execute_DAX_Queries": [
                      "Succeeded"
                    ]
                  },
                  "metadata": {
                    "operationMetadataId": "e2e631e3-1004-4825-8d45-1bc5b1545c74"
                  },
                  "type": "Compose",
                  "inputs": "@bool(body('Execute_DAX_Queries')?['attachmentsmodelrunflag'])"
                },
                "Compose_-_Claims_Flag": {
                  "runAfter": {
                    "Compose-Attachments_Flag": [
                      "Succeeded"
                    ]
                  },
                  "metadata": {
                    "operationMetadataId": "f804bc1d-d384-489d-b2d8-8d3f94455452"
                  },
                  "type": "Compose",
                  "inputs": "@bool(body('Execute_DAX_Queries')?['claimsmodelrunflag'])"
                }
              },
              "runAfter": {
                "QueueEmptyCheck_-_False": [
                  "Succeeded",
                  "Skipped"
                ],
                "QueueEmptyCheck_-_True": [
                  "Succeeded",
                  "Skipped"
                ]
              },
              "else": {
                "actions": {
                  "Delay": {
                    "runAfter": {
                      "Set_variable-lastClaim_-_True": [
                        "Succeeded"
                      ]
                    },
                    "metadata": {
                      "operationMetadataId": "013e0410-55ce-4e24-8b42-e3f6936b0c69"
                    },
                    "type": "Wait",
                    "inputs": {
                      "interval": {
                        "count": 1,
                        "unit": "Minute"
                      }
                    }
                  },
                  "Set_variable-mail_flag": {
                    "runAfter": {
                      "Get_a_row_by_ID_for_flag": [
                        "Succeeded"
                      ]
                    },
                    "metadata": {
                      "operationMetadataId": "5f6cffce-fc4c-40f7-8308-bfaa1aee668e"
                    },
                    "type": "SetVariable",
                    "inputs": {
                      "name": "SendMailFlag",
                      "value": "@{body('Get_a_row_by_ID_for_flag')?['value']}"
                    }
                  },
                  "Get_a_row_by_ID_for_flag": {
                    "runAfter": {
                      "Delay": [
                        "Succeeded"
                      ]
                    },
                    "metadata": {
                      "operationMetadataId": "345a2c11-b084-47a5-9986-d780fb01cb72"
                    },
                    "type": "OpenApiConnection",
                    "inputs": {
                      "host": {
                        "connectionName": "shared_commondataserviceforapps-2",
                        "operationId": "GetItem",
                        "apiId": "/providers/Microsoft.PowerApps/apis/shared_commondataserviceforapps"
                      },
                      "parameters": {
                        "entityName": "environmentvariablevalues",
                        "recordId": "@parameters('CPIDP_SendEmailFlagID (iancdot_CPIDP_SendEmailFlagID)')"
                      },
                      "authentication": "@parameters('$authentication')"
                    }
                  },
                  "Condition_Env_value_flag": {
                    "actions": {
                      "Update_a_row_as_false": {
                        "runAfter": {
                          "Do_until_list_finished": [
                            "Succeeded"
                          ]
                        },
                        "metadata": {
                          "operationMetadataId": "15ccd9a9-c166-424e-8356-67c7498d3bdc"
                        },
                        "type": "OpenApiConnection",
                        "inputs": {
                          "host": {
                            "connectionName": "shared_commondataserviceforapps-2",
                            "operationId": "UpdateRecord",
                            "apiId": "/providers/Microsoft.PowerApps/apis/shared_commondataserviceforapps"
                          },
                          "parameters": {
                            "entityName": "environmentvariablevalues",
                            "recordId": "@parameters('CPIDP_SendEmailFlagID (iancdot_CPIDP_SendEmailFlagID)')"
                          },
                          "authentication": "@parameters('$authentication')"
                        }
                      },
                      "Update_a_row_as_true": {
                        "runAfter": {},
                        "metadata": {
                          "operationMetadataId": "fb2cffe5-909a-4988-a925-885985a2dee5"
                        },
                        "type": "OpenApiConnection",
                        "inputs": {
                          "host": {
                            "connectionName": "shared_commondataserviceforapps-2",
                            "operationId": "UpdateRecord",
                            "apiId": "/providers/Microsoft.PowerApps/apis/shared_commondataserviceforapps"
                          },
                          "parameters": {
                            "entityName": "environmentvariablevalues",
                            "recordId": "@parameters('CPIDP_SendEmailFlagID (iancdot_CPIDP_SendEmailFlagID)')"
                          },
                          "authentication": "@parameters('$authentication')"
                        },
                        "description": "update it as true if email is sent"
                      },
                      "Do_until_list_finished": {
                        "actions": {
                          "ListQueueItems": {
                            "runAfter": {},
                            "metadata": {
                              "operationMetadataId": "597f4c3a-713a-489b-8d9a-3997264873a9"
                            },
                            "type": "OpenApiConnection",
                            "inputs": {
                              "host": {
                                "connectionName": "shared_commondataserviceforapps-2",
                                "operationId": "ListRecords",
                                "apiId": "/providers/Microsoft.PowerApps/apis/shared_commondataserviceforapps"
                              },
                              "parameters": {
                                "entityName": "workqueueitems",
                                "$filter": "_workqueueid_value eq '@{parameters('CPIDP_WorkQueueIDValue (iancdot_CPIDP_WorkQueueIDValue)')}' and statuscode eq 0 and statuscode eq 1"
                              },
                              "authentication": "@parameters('$authentication')"
                            }
                          },
                          "Compose_Queue_List_length": {
                            "runAfter": {
                              "Parse_JSON_queue_list": [
                                "Succeeded"
                              ]
                            },
                            "metadata": {
                              "operationMetadataId": "6783aaaf-62d0-4725-83ad-d9d89fe0c807"
                            },
                            "type": "Compose",
                            "inputs": "@length(body('Parse_JSON_queue_list')?['value'])"
                          },
                          "Parse_JSON_queue_list": {
                            "runAfter": {
                              "ListQueueItems": [
                                "Succeeded"
                              ]
                            },
                            "metadata": {
                              "operationMetadataId": "f5b53677-f545-47f7-bce7-3ae41a4bbc7d"
                            },
                            "type": "ParseJson",
                            "inputs": {
                              "content": "@body('ListQueueItems')",
                              "schema": {
                                "type": "object",
                                "properties": {
                                  "statusCode": {
                                    "type": "integer"
                                  },
                                  "headers": {
                                    "type": "object",
                                    "properties": {
                                      "Cache-Control": {
                                        "type": "string"
                                      },
                                      "Vary": {
                                        "type": "string"
                                      },
                                      "Set-Cookie": {
                                        "type": "string"
                                      },
                                      "x-ms-service-request-id": {
                                        "type": "string"
                                      },
                                      "Strict-Transport-Security": {
                                        "type": "string"
                                      },
                                      "REQ_ID": {
                                        "type": "string"
                                      },
                                      "CRM.ServiceId": {
                                        "type": "string"
                                      },
                                      "AuthActivityId": {
                                        "type": "string"
                                      },
                                      "x-ms-dop-hint": {
                                        "type": "string"
                                      },
                                      "x-ms-ratelimit-time-remaining-xrm-requests": {
                                        "type": "string"
                                      },
                                      "x-ms-ratelimit-burst-remaining-xrm-requests": {
                                        "type": "string"
                                      },
                                      "OData-Version": {
                                        "type": "string"
                                      },
                                      "Preference-Applied": {
                                        "type": "string"
                                      },
                                      "X-Source": {
                                        "type": "string"
                                      },
                                      "Public": {
                                        "type": "string"
                                      },
                                      "Date": {
                                        "type": "string"
                                      },
                                      "Allow": {
                                        "type": "string"
                                      },
                                      "Content-Type": {
                                        "type": "string"
                                      },
                                      "Content-Length": {
                                        "type": "string"
                                      },
                                      "Expires": {
                                        "type": "string"
                                      }
                                    }
                                  },
                                  "body": {
                                    "type": "object",
                                    "properties": {
                                      "@@odata.context": {
                                        "type": "string"
                                      },
                                      "#Microsoft.Dynamics.CRM.CreateMultiple": {
                                        "type": "object",
                                        "properties": {
                                          "title": {
                                            "type": "string"
                                          },
                                          "target": {
                                            "type": "string"
                                          }
                                        }
                                      },
                                      "#Microsoft.Dynamics.CRM.DeleteMultiple": {
                                        "type": "object",
                                        "properties": {
                                          "title": {
                                            "type": "string"
                                          },
                                          "target": {
                                            "type": "string"
                                          }
                                        }
                                      },
                                      "#Microsoft.Dynamics.CRM.UpdateMultiple": {
                                        "type": "object",
                                        "properties": {
                                          "title": {
                                            "type": "string"
                                          },
                                          "target": {
                                            "type": "string"
                                          }
                                        }
                                      },
                                      "#Microsoft.Dynamics.CRM.UpsertMultiple": {
                                        "type": "object",
                                        "properties": {
                                          "title": {
                                            "type": "string"
                                          },
                                          "target": {
                                            "type": "string"
                                          }
                                        }
                                      },
                                      "@@Microsoft.Dynamics.CRM.totalrecordcount": {
                                        "type": "integer"
                                      },
                                      "@@Microsoft.Dynamics.CRM.totalrecordcountlimitexceeded": {
                                        "type": "boolean"
                                      },
                                      "@@Microsoft.Dynamics.CRM.globalmetadataversion": {
                                        "type": "string"
                                      },
                                      "value": {
                                        "type": "array"
                                      }
                                    }
                                  }
                                }
                              }
                            }
                          },
                          "Condition_check_length": {
                            "actions": {
                              "Send_Summary_Report_Email": {
                                "runAfter": {},
                                "metadata": {
                                  "operationMetadataId": "79865dee-0df9-4d80-8af1-8440c5eaf759"
                                },
                                "type": "OpenApiConnection",
                                "inputs": {
                                  "host": {
                                    "connectionName": "shared_office365-2",
                                    "operationId": "SendEmailV2",
                                    "apiId": "/providers/Microsoft.PowerApps/apis/shared_office365"
                                  },
                                  "parameters": {
                                    "emailMessage/To": "@parameters('CPIDP_SummaryReportEmailIDs (iancdot_CPIDP_SummaryReportEmailIDs)')",
                                    "emailMessage/Subject": "Claims Processing Bot Run Report - @{formatDateTime(utcnow(), 'ddMMMyyyy')}",
                                    "emailMessage/Body": "<p class=\"editor-paragraph\">Hello,<br><br>The automation has completed it's run. Below are the details.</p><p class=\"editor-paragraph\"></p><br><p class=\"editor-paragraph\">Claims Output Folder Location : @{body('IA.DOT.0002_-_Claims_Processing_Initialization')?['Out_SP_ClaimsOutputFolderLink']}</p><p class=\"editor-paragraph\">Summary File Folder Location : @{body('IA.DOT.0002_-_Claims_Processing_Initialization')?['Out_SP_SummaryReportFolderLink']}</p><br><p class=\"editor-paragraph\">Thanks,</p><p class=\"editor-paragraph\">Bot.</p>",
                                    "emailMessage/Importance": "Normal"
                                  },
                                  "authentication": "@parameters('$authentication')"
                                }
                              }
                            },
                            "runAfter": {
                              "Compose_Queue_List_length": [
                                "Succeeded"
                              ]
                            },
                            "else": {
                              "actions": {
                                "Delay_2": {
                                  "runAfter": {},
                                  "metadata": {
                                    "operationMetadataId": "7f0d6877-87b5-4f0d-8dc7-f5b9e47faacf"
                                  },
                                  "type": "Wait",
                                  "inputs": {
                                    "interval": {
                                      "count": 2,
                                      "unit": "Minute"
                                    }
                                  },
                                  "description": "This delay will try to loosely couple the running jobs with slight delay before sending email"
                                }
                              }
                            },
                            "expression": {
                              "and": [
                                {
                                  "equals": [
                                    "@outputs('Compose_Queue_List_length')",
                                    0
                                  ]
                                }
                              ]
                            },
                            "metadata": {
                              "operationMetadataId": "7b549f68-7a6b-423d-9270-3393ce68cd0f"
                            },
                            "type": "If"
                          }
                        },
                        "runAfter": {
                          "Update_a_row_as_true": [
                            "Succeeded"
                          ]
                        },
                        "expression": "@equals(outputs('Compose_Queue_List_length'),0)",
                        "limit": {
                          "count": 60,
                          "timeout": "PT1H"
                        },
                        "metadata": {
                          "operationMetadataId": "9fe664f0-b025-44ea-bfbf-aae85ffa9305"
                        },
                        "type": "Until"
                      }
                    },
                    "runAfter": {
                      "Set_variable-mail_flag": [
                        "Succeeded"
                      ]
                    },
                    "expression": {
                      "or": [
                        {
                          "equals": [
                            "@string(variables('SendMailFlag'))",
                            "@string('false')"
                          ]
                        }
                      ]
                    },
                    "metadata": {
                      "operationMetadataId": "4ec79c3c-4cf4-49cb-a7ac-0e36f2b84d9c"
                    },
                    "type": "If"
                  },
                  "Set_variable-lastClaim_-_True": {
                    "runAfter": {},
                    "metadata": {
                      "operationMetadataId": "5f6cffce-fc4c-40f7-8308-bfaa1aee668e"
                    },
                    "type": "SetVariable",
                    "inputs": {
                      "name": "lastClaim",
                      "value": "true"
                    }
                  }
                }
              },
              "expression": {
                "or": [
                  {
                    "equals": [
                      "@variables('QueueEmptyCheck')",
                      true
                    ]
                  }
                ]
              },
              "metadata": {
                "operationMetadataId": "3dc99259-ead6-48b1-8410-4965c78b7226"
              },
              "type": "If"
            },
            "QueueEmptyCheck_-_True": {
              "runAfter": {
                "Parse_JSON_Queue_ID": [
                  "Succeeded"
                ]
              },
              "metadata": {
                "operationMetadataId": "d4e12bd0-f768-4dcf-b7ef-7908a5f35e35"
              },
              "type": "SetVariable",
              "inputs": {
                "name": "QueueEmptyCheck",
                "value": true
              }
            },
            "QueueEmptyCheck_-_False": {
              "runAfter": {
                "Parse_JSON_Queue_ID": [
                  "TimedOut",
                  "Skipped",
                  "Failed"
                ]
              },
              "metadata": {
                "operationMetadataId": "dde5efa6-dc60-46f2-b1d3-97290bde4e20"
              },
              "type": "SetVariable",
              "inputs": {
                "name": "QueueEmptyCheck",
                "value": false
              }
            },
            "Claim_ID_Processed": {
              "actions": {
                "Add_a_row_into_a_table_-_Output_Summary_File": {
                  "runAfter": {},
                  "metadata": {
                    "operationMetadataId": "07514929-b85a-4b7a-ba5c-ea3f77ed395f",
                    "tableId": "Table1"
                  },
                  "type": "OpenApiConnection",
                  "inputs": {
                    "host": {
                      "connectionName": "shared_excelonlinebusiness-1",
                      "operationId": "AddRowV2",
                      "apiId": "/providers/Microsoft.PowerApps/apis/shared_excelonlinebusiness"
                    },
                    "parameters": {
                      "source": "@parameters('CPIDP_SharePointSiteAddress (iancdot_CPIDP_SharePointSiteAddress)')",
                      "drive": "b!vjZWWeWdtEGMRNgg5k3hRt8jgbAg2K9PoUVFuxXWj_9X_5yoZ9--QIWSVY_unbfy",
                      "file": "@body('IA.DOT.0002_-_Claims_Processing_Initialization')?['Out_SP_SummaryFilePath']",
                      "table": "Table1",
                      "item": {
                        "ClaimID": "@{variables('ClaimID')}",
                        "Status": "@{variables('claimStatusVal')}",
                        "Expection Reason": "@{variables('RunMessage')}"
                      }
                    },
                    "authentication": "@parameters('$authentication')"
                  }
                }
              },
              "runAfter": {
                "Condition": [
                  "Succeeded"
                ]
              },
              "expression": {
                "and": [
                  {
                    "equals": [
                      "@string(variables('lastClaim'))",
                      "@string('false')"
                    ]
                  }
                ]
              },
              "metadata": {
                "operationMetadataId": "8497d7ce-8eb5-4ab9-8089-3604f630b708"
              },
              "type": "If"
            }
          },
          "runAfter": {
            "Initialize_variable": [
              "Succeeded"
            ]
          },
          "expression": "@or(equals(variables('QueueEmptyCheck'),false),equals(variables('EndFlow'),true))",
          "limit": {
            "count": 60,
            "timeout": "PT1H"
          },
          "metadata": {
            "operationMetadataId": "a93a195b-abb0-4465-a750-711b13c2648f"
          },
          "type": "Until"
        },
        "Initialize_variable_-Error_Message": {
          "runAfter": {
            "InitializeEndFlow": [
              "Succeeded"
            ]
          },
          "metadata": {
            "operationMetadataId": "7fcd602b-7441-4ece-a9f1-44fce274e202"
          },
          "type": "InitializeVariable",
          "inputs": {
            "variables": [
              {
                "name": "Error Message",
                "type": "string"
              }
            ]
          }
        },
        "Condition_End_Flow": {
          "actions": {
            "Terminate_End_Flow": {
              "runAfter": {},
              "metadata": {
                "operationMetadataId": "4819bca6-7ea6-4c5d-ab2e-bb67e7a6327d"
              },
              "type": "Terminate",
              "inputs": {
                "runStatus": "Failed",
                "runError": {
                  "message": "@variables('Error Message')"
                }
              }
            }
          },
          "runAfter": {
            "Do_until": [
              "Succeeded"
            ]
          },
          "expression": {
            "and": [
              {
                "equals": [
                  "@variables('EndFlow')",
                  true
                ]
              }
            ]
          },
          "metadata": {
            "operationMetadataId": "d7d838c8-0a1a-4f1f-86fb-5b9f3f59a097"
          },
          "type": "If"
        },
        "Initialize_variable_Send_Mail": {
          "runAfter": {
            "Initialize_variable_-Error_Message": [
              "Succeeded"
            ]
          },
          "metadata": {
            "operationMetadataId": "25b18550-6bc8-4e0e-b6fe-0ade7bdd496d"
          },
          "type": "InitializeVariable",
          "inputs": {
            "variables": [
              {
                "name": "SendMailFlag",
                "type": "string",
                "value": "false"
              }
            ]
          }
        },
        "Scope-SetFlag": {
          "actions": {
            "ListQueueItems-get_total_items": {
              "runAfter": {},
              "metadata": {
                "operationMetadataId": "7e0164ee-4505-4218-8524-61776d614d42"
              },
              "type": "OpenApiConnection",
              "inputs": {
                "host": {
                  "connectionName": "shared_commondataserviceforapps-2",
                  "operationId": "ListRecords",
                  "apiId": "/providers/Microsoft.PowerApps/apis/shared_commondataserviceforapps"
                },
                "parameters": {
                  "entityName": "workqueueitems",
                  "$filter": "_workqueueid_value eq '@{parameters('CPIDP_WorkQueueIDValue (iancdot_CPIDP_WorkQueueIDValue)')}' and statuscode eq 0"
                },
                "authentication": "@parameters('$authentication')"
              }
            },
            "Parse_JSON_queue_list_for_Init": {
              "runAfter": {
                "ListQueueItems-get_total_items": [
                  "Succeeded"
                ]
              },
              "metadata": {
                "operationMetadataId": "c38d6071-7944-4319-ba76-424c600e7692"
              },
              "type": "ParseJson",
              "inputs": {
                "content": "@outputs('ListQueueItems-get_total_items')?['body/value']",
                "schema": {
                  "content": [
                    {
                      "id": 1,
                      "name": "Item 1"
                    },
                    {
                      "id": 2,
                      "name": "Item 2"
                    },
                    {
                      "id": 3,
                      "name": "Item 3"
                    }
                  ]
                }
              }
            },
            "Compose_Queue_List_length-1": {
              "runAfter": {
                "Parse_JSON_queue_list_for_Init": [
                  "Succeeded"
                ]
              },
              "metadata": {
                "operationMetadataId": "e84ad737-a737-42a8-bf81-f2b1ae4f2300"
              },
              "type": "Compose",
              "inputs": "@length(body('Parse_JSON_queue_list_for_Init'))"
            },
            "Condition_Left_Items": {
              "actions": {
                "Terminate-_No_items_left": {
                  "runAfter": {},
                  "metadata": {
                    "operationMetadataId": "1342d090-28b5-4cd3-9dce-becf2491d174"
                  },
                  "type": "Terminate",
                  "inputs": {
                    "runStatus": "Succeeded"
                  }
                }
              },
              "runAfter": {
                "Compose_Queue_List_length-1": [
                  "Succeeded"
                ]
              },
              "expression": {
                "and": [
                  {
                    "less": [
                      "@outputs('Compose_Queue_List_length-1')",
                      1
                    ]
                  }
                ]
              },
              "metadata": {
                "operationMetadataId": "3cdca71b-b6a9-4fae-9d4b-89f3cdfd81d4"
              },
              "type": "If"
            }
          },
          "runAfter": {
            "Initialize_variable_Send_Mail": [
              "Succeeded"
            ]
          },
          "metadata": {
            "operationMetadataId": "76617824-ec52-4713-ae38-41fd3ddb6796"
          },
          "type": "Scope"
        },
        "InitializeSEFlag": {
          "runAfter": {
            "InitializeBEFlag": [
              "Succeeded"
            ]
          },
          "metadata": {
            "operationMetadataId": "ba459559-c332-4fec-b08c-ed7b93ee8d30"
          },
          "type": "InitializeVariable",
          "inputs": {
            "variables": [
              {
                "name": "SEFlag",
                "type": "boolean",
                "value": false
              }
            ]
          }
        },
        "Initialize_DesktopRun_Message": {
          "runAfter": {
            "InitializeSEFlag": [
              "Succeeded"
            ]
          },
          "metadata": {
            "operationMetadataId": "cae5ecbd-8e9f-4beb-b81f-74a8093d4ade"
          },
          "type": "InitializeVariable",
          "inputs": {
            "variables": [
              {
                "name": "RunMessage",
                "type": "string"
              }
            ]
          }
        },
        "Initialize_variable": {
          "runAfter": {
            "Initialize_variable_-_OPExceptionMsg": [
              "Succeeded"
            ]
          },
          "metadata": {
            "operationMetadataId": "52ee6800-a04b-4e36-9b24-ea70344f42fd"
          },
          "type": "InitializeVariable",
          "inputs": {
            "variables": [
              {
                "name": "QueueEmptyCheck",
                "type": "boolean",
                "value": true
              }
            ]
          }
        },
        "Initialize_variable_-_DaxFlag": {
          "runAfter": {
            "Scope-Initialization": [
              "Succeeded"
            ]
          },
          "metadata": {
            "operationMetadataId": "0c3bfce6-dc42-42af-99c7-87c716ac0fc3"
          },
          "type": "InitializeVariable",
          "inputs": {
            "variables": [
              {
                "name": "DaxFlag",
                "type": "string"
              }
            ]
          }
        },
        "Initialize_variable_-_Queue_ID": {
          "runAfter": {
            "Initialize_variable_-_ClaimID": [
              "Succeeded"
            ]
          },
          "metadata": {
            "operationMetadataId": "d2484cb1-2a2e-4459-9a22-2f04e5a934c8"
          },
          "type": "InitializeVariable",
          "inputs": {
            "variables": [
              {
                "name": "WorkQueueId",
                "type": "string",
                "value": "@parameters('CPIDP_WorkQueueIDValue (iancdot_CPIDP_WorkQueueIDValue)')"
              }
            ]
          }
        },
        "Initialize_variable_-_ClaimID": {
          "runAfter": {},
          "metadata": {
            "operationMetadataId": "2440847b-1a48-40aa-be48-f3acff7da063"
          },
          "type": "InitializeVariable",
          "inputs": {
            "variables": [
              {
                "name": "ClaimID",
                "type": "string"
              }
            ]
          }
        },
        "Initialize_variable_-_Claim_Status": {
          "runAfter": {
            "Initialize_variable_-_LastClaim": [
              "Succeeded"
            ]
          },
          "metadata": {
            "operationMetadataId": "6400913d-d2f6-4f7c-8202-ead251870e60"
          },
          "type": "InitializeVariable",
          "inputs": {
            "variables": [
              {
                "name": "claimStatusVal",
                "type": "string"
              }
            ]
          }
        },
        "Initialize_variable_-_OPExceptionMsg": {
          "runAfter": {
            "Initialize_variable_-_Claim_Status": [
              "Succeeded"
            ]
          },
          "metadata": {
            "operationMetadataId": "67a44a77-49e7-4b0d-8b0a-acffc1b5af2b"
          },
          "type": "InitializeVariable",
          "inputs": {
            "variables": [
              {
                "name": "OPExceptionMsg",
                "type": "string"
              }
            ]
          }
        },
        "Initialize_variable_-_LastClaim": {
          "runAfter": {
            "Initialize_variable_-_DaxFlag": [
              "Succeeded"
            ]
          },
          "metadata": {
            "operationMetadataId": "ed6e1827-caf0-4798-9b2b-7b6dc50cd435"
          },
          "type": "InitializeVariable",
          "inputs": {
            "variables": [
              {
                "name": "lastClaim",
                "type": "string",
                "value": "false"
              }
            ]
          }
        }
      }
    },
    "templateName": ""
  },
  "schemaVersion": "1.0.0.0"
}