<desktopflowbinary desktopflowbinaryid="cb395cf3-b69d-463e-81b4-7e2e50e617bf">
  <data mimetype="application/json">ImageRepository_2d7f9d50-486e-4599-ab4a-8fb25ded4c8b.json</data>
  <iscustomizable>1</iscustomizable>
  <metadata>{}</metadata>
  <mimetype>application/json</mimetype>
  <name>Desktop flow images</name>
  <process>
    <workflowid>d7d27990-0f68-445b-a9fb-f7bedbcb6f56</workflowid>
  </process>
  <reference>imageRepo.imgrepo</reference>
  <statecode>0</statecode>
  <statuscode>1</statuscode>
  <type>ImageRepository</type>
</desktopflowbinary>