<environmentvariabledefinition schemaname="iancdot_CPIDP_ValidClaims_DAX_Query">
  <defaultvalue>DEFINE 	VAR __DS0FilterTable =  		TREATAS({"MDS Analyst Approved", 			"Submitted"}, 'IMD_CLAIMS_MODEL'[Claim Status])  	VAR __DS0Core =  		CALCULATETABLE( 			SUMMARIZE('IMD_CLAIMS_MODEL', 'IMD_CLAIMS_MODEL'[Claim ID], 'IMD_CLAIMS_MODEL'[Claim Status]), 			KEEPFILTERS(__DS0FilterTable) 		)  	VAR __DS0PrimaryWindowed =  		TOPN(501, __DS0Core, 'IMD_CLAIMS_MODEL'[Claim ID], 1, 'IMD_CLAIMS_MODEL'[Claim Status], 1)  EVALUATE 	__DS0PrimaryWindowed  ORDER BY 	'IMD_CLAIMS_MODEL'[Claim ID], 'IMD_CLAIMS_MODEL'[Claim Status]</defaultvalue>
  <displayname default="CPIDP_ValidClaims_DAX_Query">
    <label description="CPIDP_ValidClaims_DAX_Query" languagecode="1033" />
  </displayname>
  <introducedversion>1.0.0.0</introducedversion>
  <iscustomizable>1</iscustomizable>
  <isrequired>0</isrequired>
  <secretstore>0</secretstore>
  <type>100000000</type>
</environmentvariabledefinition>