<environmentvariabledefinition schemaname="iancdot_CPIDP_SP_SummaryFIleUploadPath">
  <defaultvalue>/Shared Documents/IMD/AI Program/Claims Processing Automation/DEV/BOT Output Files/{DateValue}/Summary Report Folder</defaultvalue>
  <displayname default="CPIDP_SP_SummaryFIleUploadPath">
    <label description="CPIDP_SP_SummaryFIleUploadPath" languagecode="1033" />
  </displayname>
  <introducedversion>1.0.0.0</introducedversion>
  <iscustomizable>1</iscustomizable>
  <isrequired>0</isrequired>
  <secretstore>0</secretstore>
  <type>100000000</type>
</environmentvariabledefinition>