<desktopflowbinary desktopflowbinaryid="a86c6170-83e4-49a2-9308-1e4b8607d86e">
  <data mimetype="application/json">ConnectorDefinition_593f05c9-6c10-417d-acc9-614b5bed558b.json</data>
  <iscustomizable>1</iscustomizable>
  <metadata>{}</metadata>
  <mimetype>application/json</mimetype>
  <name>Desktop flow connector definition</name>
  <process>
    <workflowid>d7d27990-0f68-445b-a9fb-f7bedbcb6f56</workflowid>
  </process>
  <reference>/providers/Microsoft.PowerApps/apis/shared_office365</reference>
  <statecode>0</statecode>
  <statuscode>1</statuscode>
  <type>ConnectorDefinition</type>
</desktopflowbinary>