<environmentvariabledefinition schemaname="iancdot_CPIDP_SharePointSiteAddress">
  <defaultvalue>https://ncconnect.sharepoint.com/sites/MultiModalTransportation/</defaultvalue>
  <displayname default="CPIDP_SharePointSiteAddress">
    <label description="CPIDP_SharePointSiteAddress" languagecode="1033" />
  </displayname>
  <introducedversion>1.0.0.0</introducedversion>
  <iscustomizable>1</iscustomizable>
  <isrequired>0</isrequired>
  <secretstore>0</secretstore>
  <type>100000000</type>
</environmentvariabledefinition>