<desktopflowbinary desktopflowbinaryid="65ceb979-98a2-418e-962d-f16ce98fd62d">
  <data mimetype="application/json">ManifestFile_65ceb979-98a2-418e-962d-f16ce98fd62d.json</data>
  <iscustomizable>1</iscustomizable>
  <metadata>{}</metadata>
  <mimetype>application/json</mimetype>
  <name>Desktop flow manifest file</name>
  <process>
    <workflowid>d7d27990-0f68-445b-a9fb-f7bedbcb6f56</workflowid>
  </process>
  <reference>flow.manifest</reference>
  <statecode>0</statecode>
  <statuscode>1</statuscode>
  <type>ManifestFile</type>
</desktopflowbinary>