<environmentvariabledefinition schemaname="iancdot_CPIDP_DBE_DAX_Query">
  <defaultvalue>DEFINE     VAR __DS0FilterTable =          TREATAS({"%ClaimID%"}, 'IMD_CLAIMS_MODEL'[Claim ID])     VAR __DS0Core =          CALCULATETABLE(             SUMMARIZE(                 'IMD_CLAIMS_MODEL',                 'IMD_CLAIMS_MODEL'[Claim ID],                 'IMD_CLAIMS_MODEL'[Project sponsor Mailing address],                 'IMD_CLAIMS_MODEL'[Invoice Number],                 'IMD_CLAIMS_MODEL'[Invoice From Date],                 'IMD_CLAIMS_MODEL'[Invoice To Date],                 'IMD_CLAIMS_MODEL'[WBS],                 'IMD_CLAIMS_MODEL'[Project Number]             ),             KEEPFILTERS(__DS0FilterTable)         )     VAR __DS0PrimaryWindowed =          TOPN(             501,             __DS0Core,             'IMD_CLAIMS_MODEL'[Invoice From Date],             1,             'IMD_CLAIMS_MODEL'[Claim ID],             1,             'IMD_CLAIMS_MODEL'[Project sponsor Mailing address],             1,             'IMD_CLAIMS_MODEL'[Invoice Number],             1,             'IMD_CLAIMS_MODEL'[Invoice To Date],             1,             'IMD_CLAIMS_MODEL'[WBS],             1,             'IMD_CLAIMS_MODEL'[Project Number],             1         ) EVALUATE     __DS0PrimaryWindowed ORDER BY     'IMD_CLAIMS_MODEL'[Invoice From Date],     'IMD_CLAIMS_MODEL'[Claim ID],     'IMD_CLAIMS_MODEL'[Project sponsor Mailing address],     'IMD_CLAIMS_MODEL'[Invoice Number],     'IMD_CLAIMS_MODEL'[Invoice To Date],     'IMD_CLAIMS_MODEL'[WBS],     'IMD_CLAIMS_MODEL'[Project Number]</defaultvalue>
  <displayname default="CPIDP_DBE_DAX_Query">
    <label description="CPIDP_DBE_DAX_Query" languagecode="1033" />
  </displayname>
  <introducedversion>1.0.0.0</introducedversion>
  <iscustomizable>1</iscustomizable>
  <isrequired>0</isrequired>
  <secretstore>0</secretstore>
  <type>100000000</type>
</environmentvariabledefinition>