<environmentvariabledefinition schemaname="iancdot_CPIDP_SemanticModelWorkspaceName">
  <defaultvalue>2c61d948-8105-4228-b087-0a26eddb8ed4</defaultvalue>
  <displayname default="CPIDP_SemanticModelWorkspaceName">
    <label description="CPIDP_SemanticModelWorkspaceName" languagecode="1033" />
  </displayname>
  <introducedversion>1.0.0.0</introducedversion>
  <iscustomizable>1</iscustomizable>
  <isrequired>0</isrequired>
  <secretstore>0</secretstore>
  <type>100000000</type>
</environmentvariabledefinition>