<desktopflowbinary desktopflowbinaryid="0dda3c73-3232-f011-8c4d-001dd80d56c8">
  <data mimetype="application/json">ConnectorDefinition_61752887-cef3-4442-9ee6-ddd730e9a0fe.json</data>
  <iscustomizable>1</iscustomizable>
  <name>Desktop flow connector definition</name>
  <process>
    <workflowid>c5d93c73-3232-f011-8c4d-001dd80d56c8</workflowid>
  </process>
  <reference>/providers/Microsoft.PowerApps/apis/shared_office365</reference>
  <statecode>0</statecode>
  <statuscode>1</statuscode>
  <type>ConnectorDefinition</type>
</desktopflowbinary>