<desktopflowbinary desktopflowbinaryid="70a8df1b-f350-ef11-a317-001dd8021e69">
  <data mimetype="application/json">ImageRepository_581494b8-4260-4f8e-9316-49ad296b5a2c.json</data>
  <iscustomizable>1</iscustomizable>
  <name>Desktop flow images</name>
  <process>
    <workflowid>56a8df1b-f350-ef11-a317-001dd8021e69</workflowid>
  </process>
  <reference>imageRepo.imgrepo</reference>
  <statecode>0</statecode>
  <statuscode>1</statuscode>
  <type>ImageRepository</type>
</desktopflowbinary>