<environmentvariabledefinition schemaname="iancdot_CPIDP_ClaimsFileSPSiteAddress">
  <defaultvalue>https://ncconnect.sharepoint.com/sites/MultiModalTransportation/ </defaultvalue>
  <displayname default="CPIDP_SPClaimsFileSiteAddress">
    <label description="CPIDP_SPClaimsFileSiteAddress" languagecode="1033" />
  </displayname>
  <introducedversion>1.0.0.0</introducedversion>
  <iscustomizable>1</iscustomizable>
  <isrequired>0</isrequired>
  <secretstore>0</secretstore>
  <type>100000000</type>
</environmentvariabledefinition>