<environmentvariabledefinition schemaname="iancdot_CPIDP_SemanticModelSubContractorID">
  <defaultvalue>8f49b656-b137-4f8f-826f-c716b136bc6e</defaultvalue>
  <displayname default="CPIDP_SemanticModelSubContractorID">
    <label description="CPIDP_SemanticModelSubContractorID" languagecode="1033" />
  </displayname>
  <introducedversion>1.0.0.0</introducedversion>
  <iscustomizable>1</iscustomizable>
  <isrequired>0</isrequired>
  <secretstore>0</secretstore>
  <type>100000000</type>
</environmentvariabledefinition>