<desktopflowbinary desktopflowbinaryid="7c813549-d832-4231-be69-2736d58b9801">
  <data mimetype="application/json">ControlRepository_b7cf2808-9929-418a-a3b4-6bb86f6afc39.json</data>
  <iscustomizable>1</iscustomizable>
  <metadata>{}</metadata>
  <mimetype>application/json</mimetype>
  <name>Desktop flow ui elements</name>
  <process>
    <workflowid>d7d27990-0f68-445b-a9fb-f7bedbcb6f56</workflowid>
  </process>
  <reference>controlRepo.appmask</reference>
  <statecode>0</statecode>
  <statuscode>1</statuscode>
  <type>ControlRepository</type>
</desktopflowbinary>