<desktopflowbinary desktopflowbinaryid="73b40bdf-5333-451a-bc12-c6659b506712">
  <data mimetype="application/json">ControlRepository_5f816d23-47ea-46f9-a4b9-3cfbb9e14988.json</data>
  <iscustomizable>1</iscustomizable>
  <metadata>{}</metadata>
  <mimetype>application/json</mimetype>
  <name>Desktop flow ui elements</name>
  <process>
    <workflowid>0c702bf5-23dc-4971-802f-c6d99973aa3a</workflowid>
  </process>
  <reference>controlRepo.appmask</reference>
  <statecode>0</statecode>
  <statuscode>1</statuscode>
  <type>ControlRepository</type>
</desktopflowbinary>