<environmentvariabledefinition schemaname="iancdot_CPIDP_SemanticModelAttachmentsID">
  <defaultvalue>b76e30e6-5a91-4579-ba94-1aedf0179afd</defaultvalue>
  <displayname default="CPIDP_SemanticModelAttachmentsID">
    <label description="CPIDP_SemanticModelAttachmentsID" languagecode="1033" />
  </displayname>
  <introducedversion>1.0.0.0</introducedversion>
  <iscustomizable>1</iscustomizable>
  <isrequired>0</isrequired>
  <secretstore>0</secretstore>
  <type>100000000</type>
</environmentvariabledefinition>