<desktopflowbinary desktopflowbinaryid="4b49098a-7677-46c0-908a-7d82a72f4a12">
  <data mimetype="application/json">ImageRepository_591866c0-4fd9-4499-8e06-f8c98d856c30.json</data>
  <iscustomizable>1</iscustomizable>
  <metadata>{}</metadata>
  <mimetype>application/json</mimetype>
  <name>Desktop flow images</name>
  <process>
    <workflowid>0c702bf5-23dc-4971-802f-c6d99973aa3a</workflowid>
  </process>
  <reference>imageRepo.imgrepo</reference>
  <statecode>0</statecode>
  <statuscode>1</statuscode>
  <type>ImageRepository</type>
</desktopflowbinary>