<desktopflowbinary desktopflowbinaryid="280555ff-17e0-4f5d-9256-a235256c2928">
  <data mimetype="application/json">ConnectorDefinition_dad3bb32-8359-4909-87d8-6e2381e063ae.json</data>
  <iscustomizable>1</iscustomizable>
  <metadata>{}</metadata>
  <mimetype>application/json</mimetype>
  <name>Desktop flow connector definition</name>
  <process>
    <workflowid>56a8df1b-f350-ef11-a317-001dd8021e69</workflowid>
  </process>
  <reference>/providers/Microsoft.PowerApps/apis/shared_sharepointonline</reference>
  <statecode>0</statecode>
  <statuscode>1</statuscode>
  <type>ConnectorDefinition</type>
</desktopflowbinary>