<desktopflowbinary desktopflowbinaryid="beda1704-15d3-450e-a10f-f02cc2d58c78">
  <data mimetype="application/json">ConnectorDefinition_fbd2a2d8-9e02-4e84-80b2-e76456a3eb74.json</data>
  <iscustomizable>1</iscustomizable>
  <metadata>{}</metadata>
  <mimetype>application/json</mimetype>
  <name>Desktop flow connector definition</name>
  <process>
    <workflowid>0c702bf5-23dc-4971-802f-c6d99973aa3a</workflowid>
  </process>
  <reference>/providers/Microsoft.PowerApps/apis/shared_office365</reference>
  <statecode>0</statecode>
  <statuscode>1</statuscode>
  <type>ConnectorDefinition</type>
</desktopflowbinary>