<environmentvariabledefinition schemaname="iancdot_CPIDP_SemanticModelClaimsDataID">
  <defaultvalue>4bd57356-67e6-4ec6-bf37-a9a5fbd599f0</defaultvalue>
  <displayname default="CPIDP_SemanticModelClaimsDataID">
    <label description="CPIDP_SemanticModelClaimsDataID" languagecode="1033" />
  </displayname>
  <introducedversion>1.0.0.0</introducedversion>
  <iscustomizable>1</iscustomizable>
  <isrequired>0</isrequired>
  <secretstore>0</secretstore>
  <type>100000000</type>
</environmentvariabledefinition>