<desktopflowbinary desktopflowbinaryid="a4034304-dc33-42c3-b3c2-2c9f8a8e1e9c">
  <data mimetype="application/json">ConnectorDefinition_63c538b9-242c-48e0-80f5-a784c5ad1909.json</data>
  <iscustomizable>1</iscustomizable>
  <metadata>{}</metadata>
  <mimetype>application/json</mimetype>
  <name>Desktop flow connector definition</name>
  <process>
    <workflowid>56a8df1b-f350-ef11-a317-001dd8021e69</workflowid>
  </process>
  <reference>/providers/Microsoft.PowerApps/apis/shared_office365</reference>
  <statecode>0</statecode>
  <statuscode>1</statuscode>
  <type>ConnectorDefinition</type>
</desktopflowbinary>