<environmentvariabledefinition schemaname="iancdot_CPIDP_ExpenseTable_DAX_Query">
  <defaultvalue>DEFINE     VAR __DS0FilterTable =          TREATAS({"%ClaimID%"}, 'IMD_CLAIMS_MODEL'[Claim ID])     VAR __DS0FilterTable2 =          FILTER(             KEEPFILTERS(VALUES('IMD_CLAIMS_MODEL'[Expense Code])),             NOT('IMD_CLAIMS_MODEL'[Expense Code] IN {BLANK()})         )     VAR __ValueFilterDM1 =          FILTER(             KEEPFILTERS(                 SUMMARIZECOLUMNS(                     'IMD_CLAIMS_MODEL'[Claim ID],                     'IMD_CLAIMS_MODEL'[Expense Code],                     'IMD_CLAIMS_MODEL'[Expense Code Description],                     __DS0FilterTable,                     __DS0FilterTable2,                     "Current_Expense_Amount", 'IMD_CLAIMS_MODEL'[Current Expense Amount]                 )             ),             [Current_Expense_Amount] &gt; 0         )     VAR __DS0Core =          SUMMARIZECOLUMNS(             'IMD_CLAIMS_MODEL'[Claim ID],             'IMD_CLAIMS_MODEL'[Expense Code],             'IMD_CLAIMS_MODEL'[Expense Code Description],             __DS0FilterTable,             __DS0FilterTable2,             __ValueFilterDM1,             "Current_Expense_Amount", 'IMD_CLAIMS_MODEL'[Current Expense Amount]         )     VAR __DS0PrimaryWindowed =          TOPN(             502,             FILTER(                 __DS0Core,                 NOT(ISBLANK('IMD_CLAIMS_MODEL'[Claim ID]))               ),             'IMD_CLAIMS_MODEL'[Claim ID],             1,             'IMD_CLAIMS_MODEL'[Expense Code],             1,             'IMD_CLAIMS_MODEL'[Expense Code Description],             1         ) EVALUATE     __DS0PrimaryWindowed ORDER BY     'IMD_CLAIMS_MODEL'[Claim ID],     'IMD_CLAIMS_MODEL'[Expense Code],     'IMD_CLAIMS_MODEL'[Expense Code Description]</defaultvalue>
  <displayname default="CPIDP_ExpenseTable_DAX_Query">
    <label description="CPIDP_ExpenseTable_DAX_Query" languagecode="1033" />
  </displayname>
  <introducedversion>1.0.0.0</introducedversion>
  <iscustomizable>1</iscustomizable>
  <isrequired>0</isrequired>
  <secretstore>0</secretstore>
  <type>100000000</type>
</environmentvariabledefinition>