<environmentvariabledefinition schemaname="iancdot_CPIDP_SP_MasterFolderPathIdentifier">
  <defaultvalue>/IMD/AI Program/Claims Processing Automation/DEV/BOT Output Files</defaultvalue>
  <displayname default="CPIDP_SP_MasterFolderPathIdentifier">
    <label description="CPIDP_SP_MasterFolderPathIdentifier" languagecode="1033" />
  </displayname>
  <introducedversion>1.0.0.0</introducedversion>
  <iscustomizable>1</iscustomizable>
  <isrequired>0</isrequired>
  <secretstore>0</secretstore>
  <type>100000000</type>
</environmentvariabledefinition>