<desktopflowbinary desktopflowbinaryid="09da3c73-3232-f011-8c4d-001dd80d56c8">
  <data mimetype="application/json">ImageRepository_6e14193d-e013-4c6d-90da-6942e694bcb7.json</data>
  <iscustomizable>1</iscustomizable>
  <name>Desktop flow images</name>
  <process>
    <workflowid>c5d93c73-3232-f011-8c4d-001dd80d56c8</workflowid>
  </process>
  <reference>imageRepo.imgrepo</reference>
  <statecode>0</statecode>
  <statuscode>1</statuscode>
  <type>ImageRepository</type>
</desktopflowbinary>