<desktopflowbinary desktopflowbinaryid="03da3c73-3232-f011-8c4d-001dd80d56c8">
  <data mimetype="application/json">ManifestFile_03da3c73-3232-f011-8c4d-001dd80d56c8.json</data>
  <iscustomizable>1</iscustomizable>
  <name>Desktop flow manifest file</name>
  <process>
    <workflowid>c5d93c73-3232-f011-8c4d-001dd80d56c8</workflowid>
  </process>
  <reference>flow.manifest</reference>
  <statecode>0</statecode>
  <statuscode>1</statuscode>
  <type>ManifestFile</type>
</desktopflowbinary>