<desktopflowbinary desktopflowbinaryid="19db8b8e-1129-4024-b59b-f75cc31731f5">
  <data mimetype="application/json">ManifestFile_19db8b8e-1129-4024-b59b-f75cc31731f5.json</data>
  <iscustomizable>1</iscustomizable>
  <metadata>{}</metadata>
  <mimetype>application/json</mimetype>
  <name>Desktop flow manifest file</name>
  <process>
    <workflowid>0c702bf5-23dc-4971-802f-c6d99973aa3a</workflowid>
  </process>
  <reference>flow.manifest</reference>
  <statecode>0</statecode>
  <statuscode>1</statuscode>
  <type>ManifestFile</type>
</desktopflowbinary>