<environmentvariabledefinition schemaname="iancdot_CPIDP_SP_ClaimsProcessingRunSummaryFileValue">
  <defaultvalue>Claims Processing Run Summary.xlsx</defaultvalue>
  <displayname default="CPIDP_SP_ClaimsProcessingRunSummaryFileValue">
    <label description="CPIDP_SP_ClaimsProcessingRunSummaryFileValue" languagecode="1033" />
  </displayname>
  <introducedversion>1.0.0.0</introducedversion>
  <iscustomizable>1</iscustomizable>
  <isrequired>0</isrequired>
  <secretstore>0</secretstore>
  <type>100000000</type>
</environmentvariabledefinition>