<environmentvariabledefinition schemaname="iancdot_CPID_AttachementsDAX_Query">
  <defaultvalue>DEFINE     VAR __DS0FilterTable =          FILTER(             KEEPFILTERS(VALUES('IMD_CLAIM_ATTACHMENTS'[Claim Id])),             'IMD_CLAIM_ATTACHMENTS'[Claim Id] = "%ClaimID%"         )     VAR __DS0Core =          CALCULATETABLE(             ADDCOLUMNS(                 SUMMARIZE(                     'IMD_CLAIM_ATTACHMENTS',                     'IMD_CLAIM_ATTACHMENTS'[Claim Id],                     'IMD_CLAIM_ATTACHMENTS'[URL],                     'IMD_CLAIM_ATTACHMENTS'[File Name],                     'IMD_CLAIM_ATTACHMENTS'[Attachment Created Time]                 ),                 "FormattedAttachmentCreatedTime",                  FORMAT('IMD_CLAIM_ATTACHMENTS'[Attachment Created Time], "yyyyMMddHHmmss")              ),             KEEPFILTERS(__DS0FilterTable)         )     VAR __DS0PrimaryWindowed =          TOPN(             501,             __DS0Core,             'IMD_CLAIM_ATTACHMENTS'[Claim Id],             1,             'IMD_CLAIM_ATTACHMENTS'[Attachment Created Time],             1,             'IMD_CLAIM_ATTACHMENTS'[URL],             1,             'IMD_CLAIM_ATTACHMENTS'[File Name],             1         ) EVALUATE     __DS0PrimaryWindowed ORDER BY     'IMD_CLAIM_ATTACHMENTS'[Claim Id],     'IMD_CLAIM_ATTACHMENTS'[Attachment Created Time],     'IMD_CLAIM_ATTACHMENTS'[URL],     'IMD_CLAIM_ATTACHMENTS'[File Name]</defaultvalue>
  <displayname default="CPID_AttachementsDAX_Query">
    <label description="CPID_AttachementsDAX_Query" languagecode="1033" />
  </displayname>
  <introducedversion>1.0.0.0</introducedversion>
  <iscustomizable>1</iscustomizable>
  <isrequired>0</isrequired>
  <secretstore>0</secretstore>
  <type>100000000</type>
</environmentvariabledefinition>