<environmentvariabledefinition schemaname="iancdot_CPIDP_SPRunSummaryTemplateIdentifier">
  <defaultvalue>/Shared Documents/IMD/AI Program/Claims Processing Automation/DEV/BOT Input Template/Claims Processing Run Summary.xlsx</defaultvalue>
  <displayname default="CPIDP_SPRunSummaryTemplateIdentifier">
    <label description="CPIDP_SPRunSummaryTemplateIdentifier" languagecode="1033" />
  </displayname>
  <introducedversion>1.0.0.0</introducedversion>
  <iscustomizable>1</iscustomizable>
  <isrequired>0</isrequired>
  <secretstore>0</secretstore>
  <type>100000000</type>
</environmentvariabledefinition>