<desktopflowbinary desktopflowbinaryid="73a8df1b-f350-ef11-a317-001dd8021e69">
  <data mimetype="application/json">ControlRepository_22b9da8c-6081-4732-b182-64faaeb05028.json</data>
  <iscustomizable>1</iscustomizable>
  <name>Desktop flow ui elements</name>
  <process>
    <workflowid>56a8df1b-f350-ef11-a317-001dd8021e69</workflowid>
  </process>
  <reference>controlRepo.appmask</reference>
  <statecode>0</statecode>
  <statuscode>1</statuscode>
  <type>ControlRepository</type>
</desktopflowbinary>