<environmentvariabledefinition schemaname="iancdot_CPIDP_CoverLetter_DAX_Query">
  <defaultvalue>DEFINE     VAR __DS0FilterTable =          TREATAS({"%ClaimID%"}, 'IMD_CLAIMS_MODEL'[Claim ID])     VAR __DS0Core =          SUMMARIZECOLUMNS(             'IMD_CLAIMS_MODEL'[Claim ID],             'IMD_CLAIMS_MODEL'[Project Number],             'IMD_CLAIMS_MODEL'[WBS],             __DS0FilterTable,             "Total_Funding",                  SUMX(                     SUMMARIZE(                         'IMD_CLAIMS_MODEL',                         'IMD_CLAIMS_MODEL'[Claim ID],                         'IMD_CLAIMS_MODEL'[Project Number],                         'IMD_CLAIMS_MODEL'[WBS],                         "Federal_Local_Total",                              'IMD_CLAIMS_MODEL'[Federal Funding Amount] + 'IMD_CLAIMS_MODEL'[Local Funding Amount]                     ),                     [Federal_Local_Total]                 )         )     VAR __DS0PrimaryWindowed =          TOPN(             502,             __DS0Core,             'IMD_CLAIMS_MODEL'[Claim ID],             1,             'IMD_CLAIMS_MODEL'[Project Number],             1,             'IMD_CLAIMS_MODEL'[WBS],             1         ) EVALUATE     __DS0PrimaryWindowed ORDER BY     'IMD_CLAIMS_MODEL'[Claim ID],     'IMD_CLAIMS_MODEL'[Project Number],     'IMD_CLAIMS_MODEL'[WBS]</defaultvalue>
  <displayname default="CPIDP_CoverLetter_DAX_Query">
    <label description="CPIDP_CoverLetter_DAX_Query" languagecode="1033" />
  </displayname>
  <introducedversion>1.0.0.0</introducedversion>
  <iscustomizable>1</iscustomizable>
  <isrequired>0</isrequired>
  <secretstore>0</secretstore>
  <type>100000000</type>
</environmentvariabledefinition>