<desktopflowbinary desktopflowbinaryid="54b8691e-d078-4f2f-8b6f-156134044b0e">
  <data mimetype="application/json">ConnectorDefinition_0308117a-ff34-4970-a3f0-13520c3aaf43.json</data>
  <iscustomizable>1</iscustomizable>
  <metadata>{}</metadata>
  <mimetype>application/json</mimetype>
  <name>Desktop flow connector definition</name>
  <process>
    <workflowid>0c702bf5-23dc-4971-802f-c6d99973aa3a</workflowid>
  </process>
  <reference>/providers/Microsoft.PowerApps/apis/shared_sharepointonline</reference>
  <statecode>0</statecode>
  <statuscode>1</statuscode>
  <type>ConnectorDefinition</type>
</desktopflowbinary>